duty,it_language,framework,library,tool
AI,"[
['Python (자격 조건: 52.34%, 우대 조건: 5.79%)', [
'Python은 AI 분야에서 가장 인기 있는 프로그래밍 언어로, 데이터 분석, 머신러닝, 딥러닝 등 다양한 분야에서 활용됩니다.',
'Python의 강점은 문법이 간결하고 다양한 라이브러리와 프레임워크를 지원하여 개발 생산성이 높고 다양한 기능을 구현할 수 있다는 점입니다.']
],
['C (자격 조건: 30.29%, 우대 조건: 6.9%)', [
'C 언어는 하드웨어 제어나 성능이 중요한 영역에서 주로 사용되며, AI 분야에서는 속도가 중요한 알고리즘을 구현할 때 활용됩니다.',
'C의 강점은 저수준의 메모리 조작이 가능하고 빠른 속도를 제공한다는 점입니다.']
],
['C++ (자격 조건: 22.72%, 우대 조건: 5.12%)', [
'C++은 객체지향 프로그래밍 언어로, 복잡한 시스템을 구현할 때 주로 사용됩니다. AI 분야에서는 대규모 프로젝트나 성능이 중요한 부분에 활용됩니다.',
'C++의 강점은 높은 성능과 확장성을 제공하며, 다양한 라이브러리와 프레임워크를 지원한다는 점입니다.']
],
['R (자격 조건: 11.8%, 우대 조건: 4.45%)', [
'R은 통계 및 데이터 분석에 특화된 프로그래밍 언어로, AI 분야에서는 데이터 시각화나 통계 분석에 주로 사용됩니다.',
'R의 강점은 데이터 분석 및 시각화에 특화되어 있고 다양한 통계 기능을 제공한다는 점입니다.']
],
['Java (자격 조건: 10.02%, 우대 조건: 1.78%)', [
'Java는 다양한 플랫폼에서 동작하는 프로그래밍 언어로, 대규모 시스템 개발이나 안정성이 요구되는 환경에서 주로 사용됩니다.',
'Java의 강점은 플랫폼 독립성과 다양한 라이브러리를 지원하여 대규모 시스템을 개발할 때 유용하다는 점입니다.']
],
]","[
['Fastapi (자격 조건: 2.23%, 우대 조건: 1.34%)', [
'Fastapi는 빠른 웹 애플리케이션 개발을 위한 웹 프레임워크로, RESTful API를 구축할 때 주로 사용됩니다.',
'Fastapi의 강점은 높은 성능과 사용하기 쉬운 API 설계를 제공한다는 점입니다.']
],
['Django (자격 조건: 2.23%, 우대 조건: 0.67%)', [
'Django는 파이썬으로 작성된 웹 프레임워크로, 웹 애플리케이션을 빠르게 개발할 때 주로 사용됩니다.',
'Django의 강점은 강력한 보안 기능과 다양한 기능을 제공하는 장고 앱을 통해 생산성을 높일 수 있다는 점입니다.']
],
['Spring (자격 조건: 2.0%, 우대 조건: 0.22%)', [
'Spring은 Java 기반의 경량 웹 프레임워크로, 엔터프라이즈급 애플리케이션을 개발할 때 주로 사용됩니다.',
'Spring의 강점은 다양한 모듈을 제공하여 개발 생산성을 높이고 유지보수가 용이하다는 점입니다.']
],
['Spark (자격 조건: 1.34%, 우대 조건: 3.34%)', [
'Spark는 대규모 데이터 처리를 위한 클러스터 컴퓨팅 프레임워크로, 빠른 데이터 처리 및 분석에 주로 사용됩니다.',
'Spark의 강점은 높은 성능과 확장성을 제공하여 대규모 데이터를 효율적으로 처리할 수 있다는 점입니다.']
],
['Hadoop (자격 조건: 1.34%, 우대 조건: 2.0%)', [
'Hadoop은 대규모 데이터를 분산 저장하고 처리하는 데 사용되는 프레임워크로, 대용량 데이터 처리 및 분석에 주로 사용됩니다.',
'Hadoop의 강점은 분산 파일 시스템과 맵리듀스 프로그래밍 모델을 제공하여 대규모 데이터를 효율적으로 처리할 수 있다는 점입니다.']
],
]","[
['Pytorch (자격 조건: 39.42%, 우대 조건: 4.68%)', [
'Pytorch는 딥러닝 모델을 구축하고 학습시키는 데 사용되는 오픈소스 라이브러리로, 연구 및 개발 환경에서 주로 사용됩니다.',
'Pytorch의 강점은 동적 계산 그래프를 지원하고 GPU 가속을 효율적으로 사용하여 빠른 학습 속도를 제공한다는 점입니다.']
],
['Tensorflow (자격 조건: 29.4%, 우대 조건: 4.23%)', [
'Tensorflow는 머신러닝 및 딥러닝 모델을 구축하고 학습시키는 데 사용되는 오픈소스 라이브러리로, 다양한 분야에서 활발히 사용됩니다.',
'Tensorflow의 강점은 다양한 플랫폼을 지원하고 분산 학습을 지원하여 대규모 모델을 효율적으로 학습시킬 수 있다는 점입니다.']
],
['Keras (자격 조건: 6.24%, 우대 조건: nan%)', [
'Keras는 딥러닝 모델을 쉽게 구축하고 학습시키는 데 사용되는 고수준 딥러닝 라이브러리로, 초보자부터 전문가까지 다양한 사용자에게 인기가 있습니다.',
'Keras의 강점은 사용자 친화적인 API를 제공하고 다양한 딥러닝 모델을 간편하게 구현할 수 있다는 점입니다.']
],
['Opencv (자격 조건: 3.79%, 우대 조건: 2.45%)', [
'Opencv는 컴퓨터 비전 및 이미지 처리를 위한 오픈소스 라이브러리로, 이미지 및 비디오 처리에 주로 사용됩니다.',
'Opencv의 강점은 다양한 이미지 처리 알고리즘을 제공하고 실시간 이미지 처리를 지원한다는 점입니다.']
],
['Pandas (자격 조건: 2.45%, 우대 조건: 0.45%)', [
'Pandas는 데이터 조작 및 분석을 위한 라이브러리로, 데이터 전처리 및 분석에 주로 사용됩니다.',
'Pandas의 강점은 데이터 구조와 분석 기능을 제공하여 데이터 처리 작업을 효율적으로 수행할 수 있다는 점입니다.']
],
]","[
['Git (자격 조건: 12.25%, 우대 조건: 5.35%)', [
'Git은 분산 버전 관리 시스템으로, 소스 코드의 이력을 관리하고 협업을 위해 사용됩니다.',
'Git의 강점은 빠른 속도로 변경 이력을 관리하고 다양한 협업 기능을 제공한다는 점입니다.']
],
['Aws (자격 조건: 9.35%, 우대 조건: 13.14%)', [
'AWS는 클라우드 컴퓨팅 서비스로, 서버나 데이터베이스를 구축하고 관리하는 데 사용됩니다.',
'AWS의 강점은 다양한 클라우드 서비스를 제공하고 확장성과 안정성을 보장한다는 점입니다.']
],
['Aws Athena (자격 조건: 9.35%, 우대 조건: 13.14%)', [
'AWS Athena는 서버리스 쿼리 서비스로, S3에 저장된 데이터를 쉽게 분석할 수 있도록 도와줍니다.',
'AWS Athena의 강점은 별도의 인프라 구축 없이 데이터 분석을 수행할 수 있고 쿼리 비용이 실제 사용량에 따라 청구된다는 점입니다.']
],
['Docker (자격 조건: 8.46%, 우대 조건: 7.57%)', [
'Docker는 컨테이너 기반 가상화 플랫폼으로, 애플리케이션을 쉽게 배포하고 실행할 수 있도록 도와줍니다.',
'Docker의 강점은 가벼운 가상화 환경을 제공하고 애플리케이션을 효율적으로 관리할 수 있다는 점입니다.']
],
['Kubernetes (자격 조건: 6.68%, 우대 조건: 6.68%)', [
'Kubernetes는 컨테이너 오케스트레이션 플랫폼으로, 여러 대규모 컨테이너화된 애플리케이션을 관리하는 데 사용됩니다.',
'Kubernetes의 강점은 자동화된 배포 및 스케일링을 제공하고 다양한 클라우드 환경에서 호환성을 보장한다는 점입니다.']
],
]"
ERP,"[
['Abap (자격 조건: 27.03%, 우대 조건: 8.11%)', [
'ABAP(Advanced Business Application Programming)은 SAP 시스템에서 사용되는 프로그래밍 언어로, 엔터프라이즈 리소스 플래닝(ERP) 시스템을 개발하고 유지보수하는 데 주로 활용됩니다.',
'ABAP은 SAP 시스템과의 통합이 용이하며, 데이터 처리와 비즈니스 로직 구현에 강점을 가지고 있습니다.']
],
['Java (자격 조건: 10.81%, 우대 조건: 5.41%)', [
'Java는 다양한 플랫폼에서 실행 가능한 객체지향 프로그래밍 언어로, ERP 시스템의 백엔드 개발이나 엔터프라이즈 솔루션 개발에 주로 사용됩니다.',
'Java는 풍부한 라이브러리와 생태계를 가지고 있어 안정성과 확장성이 뛰어나며, 대규모 시스템에서의 안정적인 운영이 가능합니다.']
],
['C (자격 조건: 10.81%, 우대 조건: nan%)', [
'C 언어는 시스템 프로그래밍이나 하드웨어 제어에 주로 사용되며, ERP 시스템의 성능 최적화나 하드웨어와의 저수준 통합에 활용될 수 있습니다.',
'C 언어는 빠른 속도와 효율적인 메모리 관리를 제공하며, 시스템 레벨에서의 다양한 작업을 수행할 수 있는 강점을 가지고 있습니다.']
],
['Go (자격 조건: 8.11%, 우대 조건: 2.7%)', [
'Go는 간결하고 빠른 컴파일 속도를 가지는 프로그래밍 언어로, 대규모 데이터 처리나 분산 시스템 개발에 적합합니다.',
'Go는 동시성 처리를 강조하며, 간단한 문법과 높은 성능을 통해 ERP 시스템의 확장성과 성능을 향상시킬 수 있습니다.']
],
['C# (자격 조건: 8.11%, 우대 조건: nan%)', [
'C#은 Microsoft에서 개발한 객체지향 프로그래밍 언어로, Windows 환경에서의 엔터프라이즈 애플리케이션 개발에 주로 사용됩니다.',
'C#은 강력한 개발 도구와 풍부한 라이브러리를 제공하며, ERP 시스템의 사용자 인터페이스 개발이나 데이터 처리에 효율적으로 활용할 수 있습니다.']
],
['Python (자격 조건: 8.11%, 우대 조건: nan%)', [
'Python은 다양한 분야에서 사용되는 인터프리터 언어로, ERP 시스템의 데이터 분석이나 자동화 작업에 적합합니다.',
'Python은 간결한 문법과 다양한 라이브러리를 제공하며, 빠른 개발과 유지보수가 가능하며 ERP 시스템의 생산성을 향상시킬 수 있습니다.']
],
]","[
['Spring (자격 조건: 5.41%, 우대 조건: 2.7%)', [
'Spring은 Java 기반의 경량 프레임워크로, 엔터프라이즈급 애플리케이션 개발에 주로 사용되며, ERP 시스템의 모듈화와 확장성을 강조합니다.',
'Spring은 의존성 주입과 관점 지향 프로그래밍을 지원하며, ERP 시스템의 개발 생산성과 유지보수성을 향상시킬 수 있습니다.']
],
['Nextjs (자격 조건: 2.7%, 우대 조건: nan%)', [
'Next.js는 React 기반의 웹 프레임워크로, 서버 사이드 렌더링 및 정적 사이트 생성을 지원하여 ERP 시스템의 성능과 검색 엔진 최적화를 강화할 수 있습니다.',
'Next.js는 간편한 설정과 빠른 페이지 로딩 속도를 제공하며, ERP 시스템의 사용자 경험을 향상시킬 수 있습니다.']
],
['Swagger (자격 조건: 2.7%, 우대 조건: nan%)', [
'Swagger는 API 개발 및 문서화를 위한 프레임워크로, ERP 시스템의 API 설계와 관리를 용이하게 할 수 있습니다.',
'Swagger는 사용자 친화적인 API 문서 자동 생성 기능을 제공하며, ERP 시스템의 개발자와 사용자 간의 커뮤니케이션을 원활하게 할 수 있습니다.']
],
['Tailwind (자격 조건: 2.7%, 우대 조건: nan%)', [
'Tailwind CSS는 구성 가능한 CSS 프레임워크로, ERP 시스템의 사용자 인터페이스 디자인을 효율적으로 구축할 수 있습니다.',
'Tailwind CSS는 클래스 기반의 스타일링을 제공하며, ERP 시스템의 일관된 디자인 시스템을 구축할 수 있습니다.']
],
['Vuejs (자격 조건: 2.7%, 우대 조건: nan%)', [
'Vue.js는 사용자 인터페이스를 구축하기 위한 프로그레시브 프레임워크로, ERP 시스템의 클라이언트 사이드 개발에 주로 사용됩니다.',
'Vue.js는 반응성과 단일 페이지 애플리케이션 개발을 강조하며, ERP 시스템의 사용자 경험을 향상시킬 수 있습니다.']
],
]","[
['Redux (자격 조건: 2.7%, 우대 조건: 2.7%)', [
'Redux는 상태 관리 라이브러리로, ERP 시스템의 복잡한 상태 관리를 효율적으로 처리할 수 있습니다.',
'Redux는 단방향 데이터 흐름을 제공하며, ERP 시스템의 상태 변화를 예측 가능하고 추적 가능하게 할 수 있습니다.']
],
['React (자격 조건: 2.7%, 우대 조건: nan%)', [
'React는 사용자 인터페이스 구축을 위한 자바스크립트 라이브러리로, ERP 시스템의 동적 UI 개발에 주로 사용됩니다.',
'React는 가상 DOM을 활용하여 성능을 최적화하며, ERP 시스템의 사용자 경험을 향상시킬 수 있습니다.']
],
['Reactjs (자격 조건: 2.7%, 우대 조건: nan%)', [
'React.js는 React의 확장 라이브러리로, ERP 시스템의 UI 컴포넌트 개발과 상태 관리를 보다 효율적으로 할 수 있습니다.',
'React.js는 컴포넌트 기반의 개발을 지원하며, ERP 시스템의 모듈화와 재사용성을 높일 수 있습니다.']
],
['Graphql (자격 조건: nan%, 우대 조건: 2.7%)', [
'GraphQL은 API를 위한 쿼리 언어 및 런타임으로, ERP 시스템의 데이터 요청과 응답을 효율적으로 관리할 수 있습니다.',
'GraphQL은 클라이언트가 필요로 하는 데이터만 요청할 수 있게 하며, ERP 시스템의 네트워크 성능을 최적화할 수 있습니다.']
],
['Recoil (자격 조건: nan%, 우대 조건: 2.7%)', [
'Recoil은 React 상태 관리 라이브러리로, ERP 시스템의 복잡한 상태 관리를 보다 간편하게 처리할 수 있습니다.',
'Recoil은 전역 상태를 관리하고 동기화하는 기능을 제공하며, ERP 시스템의 상태 관리를 효율적으로 할 수 있습니다.']
],
]","[
['Git (자격 조건: 5.41%, 우대 조건: 2.7%)', [
'Git은 분산 버전 관리 시스템으로, ERP 시스템의 소스 코드 버전 관리와 협업을 효율적으로 할 수 있습니다.',
'Git은 브랜치 전략과 코드 리뷰를 지원하며, ERP 시스템의 개발자들 간의 협업과 소통을 원활하게 할 수 있습니다.']
],
['Postgresql (자격 조건: 5.41%, 우대 조건: 2.7%)', [
'PostgreSQL은 오픈 소스 객체 관계형 데이터베이스 시스템으로, ERP 시스템의 데이터 저장 및 관리에 주로 사용됩니다.',
'PostgreSQL은 확장 가능하고 안정적인 데이터베이스 시스템을 제공하며, ERP 시스템의 데이터 처리와 분석을 효율적으로 할 수 있습니다.']
],
['Oracledb (자격 조건: 2.7%, 우대 조건: 5.41%)', [
'Oracle Database는 대규모 엔터프라이즈용 데이터베이스 시스템으로, ERP 시스템의 안정적인 데이터 관리와 성능을 보장할 수 있습니다.',
'Oracle Database는 고성능 및 고가용성을 제공하며, ERP 시스템의 대용량 데이터 처리와 안전한 보관을 지원할 수 있습니다.']
],
['Mysql (자격 조건: 2.7%, 우대 조건: 2.7%)', [
'MySQL은 오픈 소스 관계형 데이터베이스 관리 시스템으로, ERP 시스템의 데이터 저장 및 조회에 주로 사용됩니다.',
'MySQL은 빠른 처리 속도와 안정성을 제공하며, ERP 시스템의 데이터 관리와 분석을 효율적으로 할 수 있습니다.']
],
['Github (자격 조건: 2.7%, 우대 조건: nan%)', [
'GitHub은 Git 기반의 코드 호스팅 및 협업 플랫폼으로, ERP 시스템의 소스 코드 관리와 이슈 트래킹을 효율적으로 할 수 있습니다.',
'GitHub은 다양한 협업 기능과 CI/CD 통합을 제공하며, ERP 시스템의 개발자들 간의 협업과 품질 향상을 도모할 수 있습니다.']
],
['Jira (자격 조건: 2.7%, 우대 조건: nan%)', [
'Jira는 이슈 추적 및 프로젝트 관리 도구로, ERP 시스템의 작업 일정 및 이슈 관리를 효율적으로 할 수 있습니다.',
'Jira는 다양한 보드 및 보고서를 제공하며, ERP 시스템의 프로젝트 진행 상황을 시각화하고 관리할 수 있습니다.']
],
['Mssql (자격 조건: 2.7%, 우대 조건: nan%)', [
'Microsoft SQL Server는 Microsoft에서 개발한 관계형 데이터베이스 관리 시스템으로, ERP 시스템의 데이터 저장 및 분석에 주로 사용됩니다.',
'SQL Server는 안정성과 보안성을 강조하며, ERP 시스템의 데이터 처리와 보관을 안전하게 할 수 있습니다.']
],
]"
PM,"[
['C (자격 조건: 21.05%, 우대 조건: 4.61%)', [
'C 언어는 하드웨어 제어 및 시스템 프로그래밍에 주로 사용됩니다. 운영 체제, 컴파일러, 임베디드 시스템 등 다양한 분야에서 활용됩니다.',
'C 언어는 빠른 속도와 효율적인 메모리 관리를 제공하여 시스템 레벨의 프로그래밍에 적합합니다. 또한 다양한 플랫폼에서 이식성이 뛰어나고 다양한 라이브러리 및 프레임워크를 지원합니다.']
],
['Java (자격 조건: 15.13%, 우대 조건: 5.26%)', [
'Java는 다양한 플랫폼에서 사용할 수 있는 객체지향 프로그래밍 언어입니다. 주로 웹 애플리케이션, 모바일 애플리케이션, 대규모 시스템 등 다양한 분야에서 활용됩니다.',
'Java는 강력한 커뮤니티와 풍부한 라이브러리 생태계를 가지고 있으며, 안정성과 이식성이 뛰어나기 때문에 대규모 프로젝트에 적합합니다.']
],
['R (자격 조건: 10.53%, 우대 조건: 3.95%)', [
'R은 통계 및 데이터 분석을 위한 프로그래밍 언어로 주로 사용됩니다. 데이터 시각화, 통계 모델링, 빅데이터 분석 등 다양한 분야에서 활용됩니다.',
'R은 데이터 처리와 분석에 특화되어 있으며 다양한 통계 및 머신러닝 라이브러리를 제공합니다. 또한 그래픽 기능이 강력하여 데이터 시각화에 용이합니다.']
],
['Python (자격 조건: 9.21%, 우대 조건: 3.95%)', [
'Python은 다양한 분야에서 사용되는 범용 프로그래밍 언어로, 웹 개발, 데이터 분석, 인공지능, 자동화 등 다양한 분야에서 활용됩니다.',
'Python은 문법이 간결하고 읽기 쉽기 때문에 빠르게 프로토타입을 개발할 수 있습니다. 또한 다양한 라이브러리와 프레임워크를 지원하여 개발 생산성을 높일 수 있습니다.']
],
['C++ (자격 조건: 6.58%, 우대 조건: 0.66%)', [
'C++은 C 언어를 기반으로 한 객체지향 프로그래밍 언어로, 시스템 프로그래밍, 게임 개발, 고성능 애플리케이션 등에 주로 사용됩니다.',
'C++은 높은 성능을 제공하며 다중 패러다임을 지원하여 다양한 스타일의 프로그래밍이 가능합니다. 또한 풍부한 라이브러리와 커뮤니티를 가지고 있어 다양한 분야에서 활용됩니다.']
],
]","[
['Spring (자격 조건: 7.89%, 우대 조건: 0.66%)', [
'Spring 프레임워크는 자바 기반의 엔터프라이즈 애플리케이션을 개발하기 위한 프레임워크로, 의존성 주입, AOP, 트랜잭션 관리 등을 지원합니다.',
'Spring은 모듈화가 잘 되어 있고 다양한 기능을 제공하여 개발 생산성을 높일 수 있습니다. 또한 다양한 확장 모듈을 제공하여 유연한 애플리케이션 개발이 가능합니다.']
],
['Springboot (자격 조건: 3.95%, 우대 조건: 0.66%)', [
'Spring Boot는 Spring 기반의 애플리케이션을 빠르게 개발하기 위한 프레임워크로, 내장형 서버, 자동 구성, 스타터 등을 제공합니다.',
'Spring Boot는 간단한 설정으로 빠르게 애플리케이션을 구축할 수 있으며, 마이크로서비스 아키텍처에 적합합니다. 또한 스프링 생태계와의 호환성이 뛰어나 사용이 편리합니다.']
],
['Vuejs (자격 조건: 3.95%, 우대 조건: 0.66%)', [
'Vue.js는 사용자 인터페이스를 구축하기 위한 프론트엔드 프레임워크로, 가상 DOM, 컴포넌트 기반 아키텍처 등을 제공합니다.',
'Vue.js는 학습 곡선이 낮고 간단한 문법을 가지고 있어 빠르게 웹 애플리케이션을 개발할 수 있습니다. 또한 반응성이 뛰어나고 다양한 플러그인을 지원합니다.']
],
['Nestjs (자격 조건: 3.29%, 우대 조건: 1.32%)', [
'Nest.js는 Node.js를 기반으로 한 서버 사이드 애플리케이션을 개발하기 위한 프레임워크로, 의존성 주입, 모듈화, 미들웨어 등을 지원합니다.',
'Nest.js는 Angular와 비슷한 구조를 가지고 있어 Angular 개발자들이 쉽게 적응할 수 있습니다. 또한 테스트 용이성과 확장성이 뛰어나 서버 애플리케이션을 효율적으로 개발할 수 있습니다.']
],
['Nodejs (자격 조건: 3.29%, 우대 조건: 1.32%)', [
'Node.js는 JavaScript 런타임 환경으로, 서버 사이드 애플리케이션을 개발하기 위해 사용됩니다. 비동기 I/O, 이벤트 기반 아키텍처 등을 제공합니다.',
'Node.js는 빠른 속도와 확장성을 제공하여 실시간 애플리케이션, 마이크로서비스 등에 적합합니다. 또한 JavaScript를 사용하기 때문에 프론트엔드와 백엔드 개발을 일관되게 할 수 있습니다.']
],
]","[
['React (자격 조건: 8.55%, 우대 조건: nan%)', [
'React는 사용자 인터페이스를 구축하기 위한 JavaScript 라이브러리로, 가상 DOM, 컴포넌트 기반 아키텍처 등을 제공합니다.',
'React는 선언적 문법과 컴포넌트 재사용성을 강조하여 복잡한 UI를 간단하게 구현할 수 있습니다. 또한 React 생태계가 풍부하여 다양한 라이브러리와 플러그인을 활용할 수 있습니다.']
],
['Reactjs (자격 조건: 8.55%, 우대 조건: nan%)', [
'React.js는 React의 확장판으로, 서버 사이드 렌더링, 라우팅, 상태 관리 등을 제공합니다.',
'React.js는 React의 기능을 확장하여 더 다양한 기능을 제공하며, 더욱 복잡한 웹 애플리케이션을 개발할 수 있습니다.']
],
['Pytorch (자격 조건: 2.63%, 우대 조건: nan%)', [
'PyTorch는 딥러닝을 위한 오픈소스 라이브러리로, 텐서 연산, 자동 미분, 신경망 레이어 등을 제공합니다.',
'PyTorch는 유연하고 직관적인 딥러닝 개발 환경을 제공하여 빠르게 실험하고 모델을 구축할 수 있습니다. 또한 동적 그래프를 지원하여 모델의 구조를 동적으로 변경할 수 있습니다.']
],
['Tensorflow (자격 조건: 2.63%, 우대 조건: nan%)', [
'TensorFlow는 머신러닝 및 딥러닝을 위한 오픈소스 라이브러리로, 그래프 기반 계산, 자동 미분, 모델 배포 등을 지원합니다.',
'TensorFlow는 다양한 플랫폼에서 사용할 수 있으며, 대규모 모델을 효율적으로 학습하고 배포할 수 있습니다. 또한 TensorFlow Extended와의 통합을 통해 엔터프라이즈 환경에서도 사용할 수 있습니다.']
],
['Requests (자격 조건: 1.32%, 우대 조건: nan%)', [
'Requests는 Python에서 HTTP 요청을 보내기 위한 간편한 라이브러리로, 세션 관리, 쿠키 처리, 파일 업로드 등을 지원합니다.',
'Requests는 사용이 간편하고 직관적이며, 다양한 HTTP 요청을 쉽게 처리할 수 있습니다. 또한 다른 라이브러리와의 호환성이 좋아 다양한 웹 서비스와 통합할 수 있습니다.']
],
]","[
['Aws (자격 조건: 8.55%, 우대 조건: 6.58%)', [
'Amazon Web Services(AWS)는 클라우드 컴퓨팅 플랫폼으로, 서버 호스팅, 데이터 스토리지, 인공지능, 빅데이터 등 다양한 서비스를 제공합니다.',
'AWS는 확장성이 뛰어나고 다양한 서비스를 제공하여 애플리케이션을 빠르게 배포하고 관리할 수 있습니다. 또한 안정성과 보안성이 높아 신뢰할 수 있는 클라우드 서비스를 제공합니다.']
],
['Aws Athena (자격 조건: 8.55%, 우대 조건: 6.58%)', [
'Amazon Athena는 서버리스 쿼리 서비스로, S3에 저장된 데이터를 SQL 쿼리로 분석할 수 있습니다.',
'Athena는 별도의 인프라 구성 없이 데이터에 대한 즉시 분석을 제공하여 비용을 절감하고 쿼리 성능을 향상시킬 수 있습니다. 또한 다양한 데이터 형식을 지원하여 유연한 분석이 가능합니다.']
],
['Jira (자격 조건: 7.89%, 우대 조건: 4.61%)', [
'Jira는 이슈 추적 및 프로젝트 관리를 위한 애자일 도구로, 이슈 티켓, 스프린트 계획, 보고서 등을 제공합니다.',
'Jira는 다양한 애자일 방법론을 지원하며 팀 간 협업을 강화하여 프로젝트 일정을 준수하고 효율적으로 관리할 수 있습니다. 또한 플러그인을 통해 기능을 확장할 수 있습니다.']
],
['Git (자격 조건: 7.89%, 우대 조건: 1.32%)', [
'Git은 분산 버전 관리 시스템으로, 소스 코드의 이력을 관리하고 협업을 위한 도구로 사용됩니다.',
'Git은 브랜치 전략, 병합, 리베이스 등 다양한 기능을 제공하여 효율적인 협업을 가능하게 합니다. 또한 오픈소스이며 널리 사용되는 툴이기 때문에 다양한 환경에서 사용이 가능합니다.']
],
['Notion (자격 조건: 6.58%, 우대 조건: 4.61%)', [
'Notion은 협업 및 작업 관리를 위한 온라인 도구로, 문서 작성, 일정 관리, 프로젝트 보드 등을 제공합니다.',
'Notion은 다양한 형식의 콘텐츠를 통합하여 관리할 수 있으며, 팀 간 정보 공유와 협업을 강화할 수 있습니다. 또한 템플릿과 플러그인을 통해 기능을 확장할 수 있습니다.']
],
]"
QA,"[
['C (자격 조건: 8.64%, 우대 조건: 7.41%)', [
'C 언어는 하드웨어 제어 및 시스템 프로그래밍에 주로 사용됩니다.',
'C 언어는 저수준 메모리 액세스와 빠른 실행 속도로 유명합니다.']
],
['Python (자격 조건: 7.41%, 우대 조건: 10.49%)', [
'Python은 다양한 분야에서 사용되며 웹 개발, 데이터 분석, 인공지능 등에 활용됩니다.',
'Python은 문법이 간결하고 다양한 라이브러리를 제공하여 개발 생산성이 높은 언어입니다.']
],
['Java (자격 조건: 5.56%, 우대 조건: 11.11%)', [
'Java는 크로스 플랫폼 애플리케이션 개발에 주로 사용되며 안드로이드 앱 개발에도 널리 사용됩니다.',
'Java는 객체지향 프로그래밍을 지원하고 안정성과 보안성이 높은 언어입니다.']
],
['R (자격 조건: 5.56%, 우대 조건: 6.17%)', [
'R은 통계 및 데이터 분석에 주로 사용되며 데이터 시각화 및 머신러닝에도 활용됩니다.',
'R은 데이터 처리와 분석에 특화된 다양한 라이브러리를 제공하여 데이터 과학 분야에서 인기가 있습니다.']
],
['Javascript (자격 조건: 2.47%, 우대 조건: 4.94%)', [
'Javascript는 웹 개발에서 주로 사용되며 프론트엔드 및 백엔드 개발에 모두 활용됩니다.',
'Javascript는 동적인 웹 페이지를 구현할 수 있고 다양한 라이브러리와 프레임워크를 활용할 수 있는 언어입니다.']
],
]","[
['Appium (자격 조건: 5.56%, 우대 조건: 13.58%)', [
'Appium은 모바일 앱 자동화 테스트를 위한 프레임워크로 사용됩니다.',
'Appium은 크로스 플랫폼 지원과 다양한 언어로 테스트 스크립트를 작성할 수 있는 장점이 있습니다.']
],
['Selenium (자격 조건: 4.94%, 우대 조건: 14.2%)', [
'Selenium은 웹 애플리케이션 자동화 테스트를 위한 프레임워크로 널리 사용됩니다.',
'Selenium은 여러 브라우저를 지원하고 다양한 언어로 테스트 스크립트를 작성할 수 있는 장점이 있습니다.']
],
['Spring (자격 조건: 0.62%, 우대 조건: 2.47%)', [
'Spring은 Java 기반의 엔터프라이즈 애플리케이션 개발을 위한 프레임워크로 사용됩니다.',
'Spring은 의존성 주입과 관점 지향 프로그래밍을 지원하여 개발 생산성을 높일 수 있는 장점이 있습니다.']
],
['Nodejs (자격 조건: 0.62%, 우대 조건: nan%)', [
'Node.js는 서버 사이드 애플리케이션 개발을 위한 JavaScript 런타임 환경입니다.',
'Node.js는 비동기 이벤트 처리 모델을 사용하여 높은 성능을 제공하고 JavaScript로 서버 애플리케이션을 개발할 수 있는 장점이 있습니다.']
],
['Swagger (자격 조건: nan%, 우대 조건: 2.47%)', [
'Swagger는 API 개발 및 문서화를 위한 프레임워크로 사용됩니다.',
'Swagger는 API 스펙을 정의하고 시각적으로 표현하여 API 개발 및 테스트를 용이하게 할 수 있는 장점이 있습니다.']
],
]","[
['Graphql (자격 조건: 1.23%, 우대 조건: nan%)', [
'GraphQL은 API 개발을 위한 쿼리 언어 및 런타임 환경으로 사용됩니다.',
'GraphQL은 클라이언트가 필요한 데이터를 요청할 수 있는 유연한 구조를 제공하여 효율적인 데이터 전송이 가능한 장점이 있습니다.']
],
['React (자격 조건: nan%, 우대 조건: 1.85%)', [
'React는 사용자 인터페이스 구축을 위한 JavaScript 라이브러리로 사용됩니다.',
'React는 가상 DOM을 활용하여 성능을 최적화하고 컴포넌트 기반의 개발을 지원하여 재사용성이 높은 장점이 있습니다.']
],
['Reactjs (자격 조건: nan%, 우대 조건: 1.85%)', [
'React.js는 사용자 인터페이스 개발을 위한 JavaScript 라이브러리로 사용됩니다.',
'React.js는 컴포넌트 기반의 개발을 지원하고 가독성이 높은 JSX 문법을 제공하여 개발 생산성을 높일 수 있는 장점이 있습니다.']
],
['Tensorflow (자격 조건: nan%, 우대 조건: 0.62%)', [
'TensorFlow는 머신러닝 및 딥러닝 모델을 개발하고 학습시키기 위한 오픈소스 라이브러리입니다.',
'TensorFlow는 그래프 기반의 모델 설계와 다양한 플랫폼 지원을 통해 유연한 모델 구축이 가능한 장점이 있습니다.']
],
]","[
['Jira (자격 조건: 14.81%, 우대 조건: 24.69%)', [
'Jira는 이슈 추적 및 프로젝트 관리를 위한 툴로 사용됩니다.',
'Jira는 유연한 이슈 관리 기능과 다양한 플러그인을 제공하여 프로젝트 팀의 협업을 효율적으로 할 수 있는 장점이 있습니다.']
],
['Confluence (자격 조건: 6.17%, 우대 조건: 14.81%)', [
'Confluence는 문서 작성 및 공유를 위한 협업 도구로 사용됩니다.',
'Confluence는 다양한 형식의 문서를 작성하고 팀원들과 공유하여 정보 공유와 협업을 원활하게 할 수 있는 장점이 있습니다.']
],
['Slack (자격 조건: 4.32%, 우대 조건: 12.35%)', [
'Slack은 업무 커뮤니케이션 및 협업을 위한 메신저 툴로 사용됩니다.',
'Slack은 채널별 대화, 파일 공유, 통합된 알림 등의 기능을 제공하여 팀원들 간의 의사소통을 원활하게 할 수 있는 장점이 있습니다.']
],
['Git (자격 조건: 4.32%, 우대 조건: 6.17%)', [
'Git은 버전 관리 시스템으로 소스 코드의 이력을 관리하고 협업을 위해 사용됩니다.',
'Git은 분산 버전 관리를 지원하고 브랜치 전략을 통해 효율적인 협업 및 소스 코드 관리가 가능한 장점이 있습니다.']
],
['Playwright (자격 조건: 4.32%, 우대 조건: 4.32%)', [
'Playwright는 웹 애플리케이션 자동화 테스트를 위한 도구로 사용됩니다.',
'Playwright는 여러 브라우저를 지원하고 병렬 실행이 가능하여 웹 애플리케이션의 품질을 향상시킬 수 있는 장점이 있습니다.']
],
]"
VR,"[
['C (자격 조건: 60.0%, 우대 조건: 6.67%)', [
'C 언어는 VR 개발에서 하드웨어와의 저수준 상호작용이 필요한 경우에 주로 활용됩니다. 메모리 관리가 필요하고 빠른 속도가 요구되는 작업에 적합합니다.',
'C 언어의 강점은 빠른 속도와 하드웨어 제어 능력에 있습니다. 또한 다양한 플랫폼에서 이식성이 뛰어나고 대규모 시스템에 적합합니다.']
],
['C++ (자격 조건: 46.67%, 우대 조건: 6.67%)', [
'C++은 VR 게임 및 시뮬레이션 개발에 주로 사용됩니다. C++은 객체지향 프로그래밍 언어로, 복잡한 시스템을 구축할 때 유용합니다.',
'C++의 강점은 높은 성능, 확장성, 다양한 라이브러리 및 커뮤니티 지원이 있습니다. 또한 다양한 플랫폼에서 이식성이 뛰어나고 대규모 프로젝트에 적합합니다.']
],
['Python (자격 조건: 40.0%, 우대 조건: nan%)', [
'Python은 VR 프로토타이핑 및 스크립팅에 주로 사용됩니다. 간단하고 빠르게 개발할 수 있는 장점이 있습니다.',
'Python의 강점은 간결한 문법, 다양한 라이브러리 및 프레임워크 지원, 데이터 분석 및 머신러닝 기능이 있습니다. 또한 다양한 분야에서 활용이 가능합니다.']
],
['C# (자격 조건: 33.33%, 우대 조건: nan%)', [
'C#은 Unity 엔진을 사용한 VR 애플리케이션 개발에 주로 사용됩니다. C#은 객체지향 프로그래밍 언어로, 게임 및 시뮬레이션 개발에 적합합니다.',
'C#의 강점은 Unity와의 호환성, 강력한 개발 환경, 다양한 라이브러리 및 커뮤니티 지원이 있습니다. 또한 다양한 플랫폼에서 이식성이 뛰어나고 사용이 편리합니다.']
],
['R (자격 조건: 26.67%, 우대 조건: nan%)', [
'R은 데이터 시각화 및 분석에 주로 사용되며, VR 환경에서 데이터 처리 및 시각화에 활용될 수 있습니다.',
'R의 강점은 풍부한 통계 및 시각화 기능, 데이터 분석 및 머신러닝 라이브러리 지원이 있습니다. 또한 학계 및 연구 분야에서 널리 사용됩니다.']
],
]","[
['Nodejs (자격 조건: 6.67%, 우대 조건: nan%)', [
'Node.js는 서버 측 JavaScript 런타임 환경으로, VR 애플리케이션의 백엔드 개발에 활용될 수 있습니다.',
'Node.js의 강점은 비동기 프로그래밍 지원, 확장성, 다양한 모듈 및 패키지 지원이 있습니다. 또한 JavaScript로 개발할 수 있는 장점이 있습니다.']
],
['Ray (자격 조건: 6.67%, 우대 조건: nan%)', [
'Ray는 Python 기반의 분산 애플리케이션을 구축하기 위한 오픈 소스 프레임워크로, VR 시뮬레이션 및 병렬 처리에 활용될 수 있습니다.',
'Ray의 강점은 분산 시스템 구축 용이성, 병렬 처리 및 분산 컴퓨팅 지원, 확장성이 있습니다. 또한 머신러닝 및 강화 학습에 적합합니다.']
],
]","[
['Opencv (자격 조건: 6.67%, 우대 조건: nan%)', [
'OpenCV는 컴퓨터 비전 및 이미지 처리 라이브러리로, VR 환경에서 영상 처리 및 컴퓨터 비전 작업에 활용될 수 있습니다.',
'OpenCV의 강점은 다양한 이미지 처리 알고리즘, 실시간 영상 처리 지원, 크로스 플랫폼 지원이 있습니다. 또한 컴퓨터 비전 분야에서 널리 사용됩니다.']
],
['React (자격 조건: 6.67%, 우대 조건: nan%)', [
'React는 사용자 인터페이스 구축을 위한 JavaScript 라이브러리로, VR 애플리케이션의 프론트엔드 개발에 활용될 수 있습니다.',
'React의 강점은 가상 돔 기반 렌더링, 컴포넌트 기반 아키텍처, 재사용성이 뛰어난 UI 개발이 가능하다는 점입니다. 또한 React Native를 통해 모바일 앱 개발에도 활용이 가능합니다.']
],
['Reactjs (자격 조건: 6.67%, 우대 조건: nan%)', [
'React.js는 React의 웹 애플리케이션 개발을 위한 라이브러리로, VR 웹 애플리케이션의 프론트엔드 개발에 활용될 수 있습니다.',
'React.js의 강점은 가상 돔 기반 렌더링, 컴포넌트 기반 아키텍처, 재사용성이 뛰어난 UI 개발이 가능하다는 점입니다. 또한 React Native를 통해 모바일 앱 개발에도 활용이 가능합니다.']
],
]","[
['Unity (자격 조건: 26.67%, 우대 조건: nan%)', [
'Unity는 게임 및 시뮬레이션 개발을 위한 통합 개발 환경으로, VR 콘텐츠 제작에 주로 사용됩니다.',
'Unity의 강점은 멀티플랫폼 지원, 사용자 친화적 인터페이스, 다양한 에셋 스토어 및 플러그인 지원이 있습니다. 또한 VR 및 AR 콘텐츠 개발에 적합합니다.']
],
['Aws (자격 조건: 6.67%, 우대 조건: 6.67%)', [
'Amazon Web Services(AWS)는 클라우드 컴퓨팅 플랫폼으로, VR 애플리케이션의 인프라스트럭처 구축 및 관리에 활용될 수 있습니다.',
'AWS의 강점은 확장성, 안정성, 다양한 클라우드 서비스 및 리소스 제공이 있습니다. 또한 서버리스 컴퓨팅, 데이터 분석, 머신러닝 등 다양한 기능을 제공합니다.']
],
['Aws Athena (자격 조건: 6.67%, 우대 조건: 6.67%)', [
'Amazon Athena는 서버리스 대화형 쿼리 서비스로, 대규모 데이터셋에서 쿼리 및 분석에 활용될 수 있습니다.',
'Athena의 강점은 빠른 쿼리 속도, 간편한 사용법, 다양한 데이터 포맷 지원이 있습니다. 또한 별도의 인프라 구축 없이 데이터 분석이 가능합니다.']
],
['Git (자격 조건: 6.67%, 우대 조건: nan%)', [
'Git은 분산 버전 관리 시스템으로, 협업 및 소스 코드 관리에 활용될 수 있습니다. VR 프로젝트의 버전 관리에 유용합니다.',
'Git의 강점은 분산 버전 관리, 브랜치 전략, 오픈 소스 커뮤니티 지원이 있습니다. 또한 다양한 협업 기능을 제공합니다.']
],
['Google Cloud Build (자격 조건: 6.67%, 우대 조건: nan%)', [
'Google Cloud Build는 클라우드 기반의 지속적 통합 및 배포 서비스로, VR 애플리케이션의 빌드 및 배포 자동화에 활용될 수 있습니다.',
'Cloud Build의 강점은 빠른 빌드 속도, 다양한 통합 및 배포 옵션, Google Cloud Platform과의 통합이 있습니다. 또한 확장성이 뛰어나고 비용 효율적입니다.']
],
['Mssql (자격 조건: 6.67%, 우대 조건: nan%)', [
'Microsoft SQL Server는 관계형 데이터베이스 관리 시스템으로, VR 애플리케이션의 데이터 관리 및 분석에 활용될 수 있습니다.',
'SQL Server의 강점은 안정성, 보안성, 다양한 데이터 관리 및 분석 기능이 있습니다. 또한 Microsoft 제품군과의 호환성이 뛰어나고 확장성이 좋습니다.']
],
['Mysql (자격 조건: 6.67%, 우대 조건: nan%)', [
'MySQL은 오픈 소스 관계형 데이터베이스 관리 시스템으로, VR 애플리케이션의 데이터 저장 및 관리에 활용될 수 있습니다.',
'MySQL의 강점은 높은 성능, 안정성, 다양한 언어 및 플랫폼 지원이 있습니다. 또한 오픈 소스로 무료로 사용할 수 있고 커뮤니티 지원이 활발합니다.']
],
['Opengl (자격 조건: 6.67%, 우대 조건: nan%)', [
'OpenGL은 그래픽 라이브러리로, VR 애플리케이션의 그래픽 렌더링에 활용될 수 있습니다.',
'OpenGL의 강점은 크로스 플랫폼 지원, 하드웨어 가속, 다양한 2D 및 3D 그래픽 기능이 있습니다. 또한 게임 및 시뮬레이션 개발에 적합합니다.']
],
]"
게임,"[
['C (자격 조건: 43.48%, 우대 조건: 17.39%)', [
'C는 게임 프로그래밍에서 성능이 중요한 부분에서 많이 활용됩니다. 하드웨어와 밀접한 관련이 있어 하드웨어 제어나 최적화에 용이합니다.',
'C의 강점은 저수준 언어로써 직접 메모리를 다룰 수 있고 빠른 속도를 보장할 수 있다는 점입니다. 또한 시스템 프로그래밍이나 게임 엔진 개발에 적합합니다.']
],
['Java (자격 조건: 26.09%, 우대 조건: 4.35%)', [
'Java는 크로스 플랫폼 언어로 다양한 플랫폼에서 게임을 개발할 수 있습니다. 안드로이드 게임 개발에도 많이 사용됩니다.',
'Java의 강점은 객체지향 프로그래밍을 지원하고 안정성과 이식성이 뛰어나며 대규모 프로젝트에 적합하다는 점입니다.']
],
['Python (자격 조건: 13.04%, 우대 조건: 8.7%)', [
'Python은 게임 개발에서는 주로 스크립팅 언어로 활용되며 게임 로직, AI, 툴 제작 등에 사용됩니다.',
'Python의 강점은 문법이 간결하고 다양한 라이브러리와 프레임워크를 지원하여 빠르게 개발할 수 있다는 점입니다.']
],
['R (자격 조건: 13.04%, 우대 조건: 8.7%)', [
'R은 주로 데이터 분석 및 시각화에 사용되지만 게임 분석이나 통계적인 요소를 게임에 적용할 때 활용될 수 있습니다.',
'R의 강점은 데이터 분석 및 시각화에 특화되어 있고 풍부한 라이브러리를 제공한다는 점입니다.']
],
['C++ (자격 조건: 13.04%, 우대 조건: 4.35%)', [
'C++은 게임 엔진 및 대규모 게임의 개발에 많이 사용됩니다. 성능이 중요한 게임에서 많이 활용됩니다.',
'C++의 강점은 C 언어와의 호환성을 가지며 객체지향 및 저수준 프로그래밍을 지원하고 높은 성능을 제공한다는 점입니다.']
],
]","[
['Django (자격 조건: 8.7%, 우대 조건: 8.7%)', [
'Django는 주로 웹 애플리케이션 개발에 사용되지만 게임 서버나 관리 도구 등을 개발할 때도 활용될 수 있습니다.',
'Django의 강점은 빠른 개발 속도와 안정성, 보안성을 제공하며 다양한 기능을 제공하는 장고 앱을 통해 생산성을 높일 수 있다는 점입니다.']
],
['Spring (자격 조건: 8.7%, 우대 조건: 4.35%)', [
'Spring은 주로 엔터프라이즈급 애플리케이션을 개발할 때 사용되지만 게임 서버나 백엔드 시스템을 개발할 때도 활용될 수 있습니다.',
'Spring의 강점은 다양한 모듈을 제공하여 개발 생산성을 높일 수 있고 안정성과 확장성이 뛰어나며 커뮤니티가 활발하다는 점입니다.']
],
['Nodejs (자격 조건: nan%, 우대 조건: 8.7%)', [
'Node.js는 비동기 이벤트 기반의 서버 사이드 플랫폼으로 실시간 멀티플레이어 게임이나 실시간 서비스에 적합합니다.',
'Node.js의 강점은 빠른 속도와 확장성을 제공하며 JavaScript를 사용하여 프론트엔드와 백엔드를 통합할 수 있다는 점입니다.']
],
]","[
['React (자격 조건: 4.35%, 우대 조건: 4.35%)', [
'React는 사용자 인터페이스를 구축하기 위한 라이브러리로 게임의 UI 개발에 사용될 수 있습니다.',
'React의 강점은 가상 돔을 통한 효율적인 UI 렌더링과 컴포넌트 기반 아키텍처를 제공하여 유지보수와 확장이 용이하다는 점입니다.']
],
['Reactjs (자격 조건: 4.35%, 우대 조건: 4.35%)', [
'React.js는 React의 확장판으로 React를 보완하고 다양한 기능을 제공합니다. 게임 UI 개발에 활용될 수 있습니다.',
'React.js의 강점은 React를 기반으로 하여 더 다양한 기능을 제공하며 커뮤니티와 생태계가 활발하다는 점입니다.']
],
]","[
['Unity (자격 조건: 34.78%, 우대 조건: 13.04%)', [
'Unity는 크로스 플랫폼 게임 엔진으로 모바일 게임부터 PC 및 콘솔 게임까지 다양한 플랫폼에서 게임을 개발할 수 있습니다.',
'Unity의 강점은 다양한 플랫폼 지원과 사용자 친화적인 인터페이스, 풍부한 에셋 스토어를 통해 생산성을 높일 수 있다는 점입니다.']
],
['Git (자격 조건: 21.74%, 우대 조건: 4.35%)', [
'Git은 버전 관리 시스템으로 게임 개발에서 협업 및 버전 관리에 필수적으로 사용됩니다.',
'Git의 강점은 분산 버전 관리를 지원하여 여러 명의 개발자가 협업할 때 효율적이고 안정적인 버전 관리를 제공한다는 점입니다.']
],
['Aws (자격 조건: 13.04%, 우대 조건: 21.74%)', [
'AWS는 클라우드 컴퓨팅 플랫폼으로 게임 서버 호스팅, 데이터베이스 관리, 인프라 구축 등에 사용될 수 있습니다.',
'AWS의 강점은 확장성이 뛰어나고 다양한 클라우드 서비스를 제공하여 게임 서비스를 안정적으로 운영할 수 있다는 점입니다.']
],
['Aws Athena (자격 조건: 13.04%, 우대 조건: 21.74%)', [
'AWS Athena는 서버리스 쿼리 서비스로 대규모 데이터를 분석하거나 쿼리할 때 사용될 수 있습니다.',
'AWS Athena의 강점은 별도의 인프라 구축 없이 즉시 쿼리할 수 있고 다양한 데이터 포맷을 지원하여 데이터 분석을 효율적으로 수행할 수 있다는 점입니다.']
],
['Kubernetes (자격 조건: 13.04%, 우대 조건: 8.7%)', [
'Kubernetes는 컨테이너 오케스트레이션 툴로 게임 서버나 마이크로서비스 아키텍처를 관리할 때 사용될 수 있습니다.',
'Kubernetes의 강점은 자동화된 배포 및 스케일링을 제공하여 안정적이고 확장성 있는 시스템을 구축할 수 있다는 점입니다.']
],
['Mysql (자격 조건: 13.04%, 우대 조건: 8.7%)', [
'MySQL은 오픈 소스 관계형 데이터베이스 관리 시스템으로 게임 데이터베이스나 사용자 정보를 저장할 때 사용될 수 있습니다.',
'MySQL의 강점은 안정성과 성능이 우수하며 다양한 플랫폼에서 지원되어 게임 서비스에 적합하다는 점입니다.']
],
]"
데이터 분석,"[
['Python (자격 조건: 60.61%, 우대 조건: 11.36%)', [
'Python은 데이터 분석가들 사이에서 가장 인기 있는 프로그래밍 언어 중 하나로, 데이터 수집, 전처리, 분석, 시각화, 머신러닝, 딥러닝 등 다양한 작업에 활용됩니다.',
'Python의 강점은 문법이 간결하고 다양한 라이브러리와 프레임워크를 제공하여 데이터 분석 작업을 효율적으로 수행할 수 있다는 점입니다.']
],
['R (자격 조건: 20.45%, 우대 조건: 6.06%)', [
'R은 통계 분석 및 시각화에 특화된 프로그래밍 언어로, 데이터 분석 및 통계 모델링에 주로 사용됩니다.',
'R의 강점은 다양한 통계 및 시각화 라이브러리를 보유하고 있어 데이터 분석 작업에 있어 높은 유연성을 제공한다는 점입니다.']
],
['C (자격 조건: 8.33%, 우대 조건: 3.03%)', [
'C는 하드웨어 제어나 성능이 중요한 시스템에서 주로 사용되는 프로그래밍 언어로, 데이터 분석 작업보다는 시스템 프로그래밍에 활용됩니다.',
'C의 강점은 빠른 속도와 메모리 관리를 효율적으로 수행할 수 있다는 점입니다.']
],
['Java (자격 조건: 6.82%, 우대 조건: 1.52%)', [
'Java는 대규모 시스템 개발이나 웹 애플리케이션 개발에 주로 사용되는 프로그래밍 언어로, 데이터 분석 작업보다는 소프트웨어 개발에 활용됩니다.',
'Java의 강점은 플랫폼 독립성과 다양한 라이브러리를 활용할 수 있는 생태계를 갖고 있다는 점입니다.']
],
['Scala (자격 조건: 4.55%, 우대 조건: nan%)', [
'Scala는 자바 가상 머신 상에서 실행되는 함수형 프로그래밍 언어로, 대규모 데이터 처리나 분산 시스템에 주로 사용됩니다.',
'Scala의 강점은 함수형 프로그래밍과 객체지향 프로그래밍을 모두 지원하며, 높은 확장성과 성능을 제공한다는 점입니다.']
],
]","[
['Spark (자격 조건: 6.06%, 우대 조건: 8.33%)', [
'Apache Spark는 대규모 데이터 처리를 위한 오픈 소스 클러스터 컴퓨팅 프레임워크로, 배치 처리, 스트리밍 처리, 머신러닝 등 다양한 작업에 활용됩니다.',
'Spark의 강점은 높은 처리 속도와 분산 환경에서의 확장성을 제공하여 대용량 데이터를 효율적으로 처리할 수 있다는 점입니다.']
],
['Hadoop (자격 조건: 4.55%, 우대 조건: 3.03%)', [
'Apache Hadoop은 대규모 데이터를 분산 저장하고 처리하기 위한 오픈 소스 프레임워크로, 대용량 데이터의 저장과 분석에 주로 사용됩니다.',
'Hadoop의 강점은 분산 파일 시스템과 맵리듀스 프로그래밍 모델을 제공하여 대규모 데이터 처리를 효율적으로 수행할 수 있다는 점입니다.']
],
['Spring (자격 조건: 2.27%, 우대 조건: 1.52%)', [
'Spring은 자바 언어를 기반으로 하는 경량의 애플리케이션 프레임워크로, 엔터프라이즈급 애플리케이션 개발에 주로 사용됩니다.',
'Spring의 강점은 다양한 모듈을 제공하여 개발 생산성을 높이고 유지보수를 용이하게 할 수 있다는 점입니다.']
],
['Springboot (자격 조건: 1.52%, 우대 조건: 0.76%)', [
'Spring Boot는 Spring 프레임워크를 사용하여 간편하고 빠르게 웹 애플리케이션을 개발할 수 있도록 도와주는 프레임워크로, 마이크로서비스 아키텍처에 적합합니다.',
'Spring Boot의 강점은 내장된 톰캣 서버와 설정의 간소화로 빠른 애플리케이션 개발이 가능하다는 점입니다.']
],
['Flink (자격 조건: 0.76%, 우대 조건: 1.52%)', [
'Apache Flink는 대규모 데이터 스트림 처리를 위한 오픈 소스 분산 스트리밍 프레임워크로, 실시간 데이터 처리에 주로 사용됩니다.',
'Flink의 강점은 높은 처리 성능과 상태 관리 기능을 제공하여 실시간 데이터 분석 및 처리를 효율적으로 수행할 수 있다는 점입니다.']
],
]","[
['Pytorch (자격 조건: 21.21%, 우대 조건: 4.55%)', [
'PyTorch는 딥러닝 모델을 구축하고 학습시키는 데 사용되는 오픈 소스 머신러닝 라이브러리로, 텐서 연산과 자동 미분 기능을 제공합니다.',
'PyTorch의 강점은 동적 계산 그래프를 사용하여 복잡한 모델을 유연하게 구성할 수 있고, GPU 가속을 통해 높은 성능을 제공한다는 점입니다.']
],
['Tensorflow (자격 조건: 17.42%, 우대 조건: 4.55%)', [
'TensorFlow는 구글에서 개발한 오픈 소스 머신러닝 라이브러리로, 딥러닝 모델의 설계, 학습, 배포에 사용됩니다.',
'TensorFlow의 강점은 다양한 플랫폼을 지원하며, 쉬운 모델 디버깅 및 시각화 기능을 제공하여 머신러닝 작업을 효율적으로 수행할 수 있다는 점입니다.']
],
['Pandas (자격 조건: 6.82%, 우대 조건: 0.76%)', [
'Pandas는 데이터 조작과 분석을 위한 라이브러리로, 데이터프레임 자료구조를 제공하여 데이터의 가공 및 변환 작업을 편리하게 수행할 수 있습니다.',
'Pandas의 강점은 데이터 필터링, 그룹화, 병합 등 다양한 데이터 조작 기능을 제공하며, 높은 성능을 보장한다는 점입니다.']
],
['Numpy (자격 조건: 4.55%, 우대 조건: nan%)', [
'NumPy는 다차원 배열과 행렬 연산을 위한 라이브러리로, 수치 계산 작업에 주로 사용됩니다.',
'NumPy의 강점은 빠른 연산 속도와 메모리 효율성을 제공하여 대규모 데이터 처리를 효율적으로 수행할 수 있다는 점입니다.']
],
['Scikit-Learn (자격 조건: 4.55%, 우대 조건: nan%)', [
'Scikit-Learn은 머신러닝 모델을 구축하고 평가하기 위한 라이브러리로, 다양한 머신러닝 알고리즘과 모델 평가 도구를 제공합니다.',
'Scikit-Learn의 강점은 간단한 인터페이스와 다양한 머신러닝 모델을 제공하여 머신러닝 작업을 쉽고 효율적으로 수행할 수 있다는 점입니다.']
],
]","[
['Aws (자격 조건: 11.36%, 우대 조건: 18.94%)', [
'Amazon Web Services(AWS)는 클라우드 컴퓨팅 플랫폼으로, 데이터 저장, 컴퓨팅, 네트워킹, 분석 등 다양한 서비스를 제공하여 데이터 분석 작업을 지원합니다.',
'AWS의 강점은 확장성, 안정성, 보안성 등 클라우드 컴퓨팅의 장점을 제공하여 데이터 분석 작업을 효율적으로 수행할 수 있다는 점입니다.']
],
['Aws Athena (자격 조건: 11.36%, 우대 조건: 18.94%)', [
'Amazon Athena는 SQL을 사용하여 S3에 저장된 데이터를 쿼리하고 분석할 수 있는 서비스로, 대용량 데이터 분석에 활용됩니다.',
'Athena의 강점은 서버리스 아키텍처를 제공하여 인프라 구축 없이 데이터 분석 작업을 수행할 수 있다는 점입니다.']
],
['Tableau (자격 조건: 7.58%, 우대 조건: 11.36%)', [
'Tableau는 시각화 및 분석 도구로, 다양한 데이터 원본을 연결하고 시각화하여 인사이트를 도출하는 데 사용됩니다.',
'Tableau의 강점은 직관적인 대시보드 및 시각화 기능을 제공하여 데이터 분석 결과를 효과적으로 전달할 수 있다는 점입니다.']
],
['Flow (자격 조건: 7.58%, 우대 조건: 9.85%)', [
'Flow는 데이터 처리 및 워크플로우 자동화 도구로, 데이터 수집, 전처리, 분석, 시각화 등의 작업을 자동화하여 데이터 분석 작업을 효율적으로 수행할 수 있습니다.',
'Flow의 강점은 다양한 데이터 소스와 연동이 가능하며, 시각적인 워크플로우 디자인을 통해 작업 흐름을 명확하게 관리할 수 있다는 점입니다.']
],
['Airflow (자격 조건: 7.58%, 우대 조건: 8.33%)', [
'Airflow는 워크플로우 관리 및 스케줄링 도구로, 데이터 파이프라인을 구축하고 관리하는 데 사용됩니다.',
'Airflow의 강점은 다양한 작업 스케줄링 및 모니터링 기능을 제공하여 데이터 처리 과정을 효율적으로 관리할 수 있다는 점입니다.']
],
]"
데이터 직무,"[
['Python (자격 조건: 47.43%, 우대 조건: 10.57%)', [
'Python은 데이터 직무에서 데이터 분석, 머신러닝, 웹 개발 등 다양한 분야에서 활용됩니다.',
'Python의 강점은 문법이 간결하고 다양한 라이브러리와 프레임워크를 지원하여 빠르고 효율적인 개발이 가능하다는 점입니다.']
],
['Java (자격 조건: 18.97%, 우대 조건: 5.42%)', [
'Java는 대규모 시스템 개발이나 엔터프라이즈 소프트웨어에서 주로 활용됩니다.',
'Java의 강점은 플랫폼 독립적이며 안정적인 성능과 다양한 라이브러리를 제공한다는 점입니다.']
],
['C (자격 조건: 16.26%, 우대 조건: 3.52%)', [
'C 언어는 하드웨어 제어나 시스템 프로그래밍 등의 분야에서 주로 활용됩니다.',
'C 언어의 강점은 빠른 속도와 메모리 관리를 직접 다룰 수 있는 점입니다.']
],
['R (자격 조건: 12.2%, 우대 조건: 5.42%)', [
'R은 통계 분석 및 데이터 시각화에 주로 사용되는 언어로 데이터 과학 분야에서 널리 활용됩니다.',
'R의 강점은 데이터 분석 및 시각화에 특화되어 있고 다양한 통계 기능을 제공한다는 점입니다.']
],
['C++ (자격 조건: 5.42%, 우대 조건: 0.54%)', [
'C++은 게임 개발이나 시스템 소프트웨어 등의 성능이 중요한 영역에서 주로 활용됩니다.',
'C++의 강점은 높은 성능과 다중 패러다임을 지원한다는 점입니다.']
],
]","[
['Spark (자격 조건: 11.38%, 우대 조건: 7.59%)', [
'Spark는 대규모 데이터 처리 및 분석을 위한 오픈 소스 클러스터 컴퓨팅 프레임워크로 활용됩니다.',
'Spark의 강점은 빠른 데이터 처리 속도와 다양한 데이터 소스를 지원한다는 점입니다.']
],
['Hadoop (자격 조건: 5.42%, 우대 조건: 4.61%)', [
'Hadoop은 대용량 데이터를 분산 저장하고 처리하기 위한 프레임워크로 주로 빅데이터 처리에 활용됩니다.',
'Hadoop의 강점은 확장성이 뛰어나고 저렴한 비용으로 대용량 데이터를 다룰 수 있다는 점입니다.']
],
['Spring (자격 조건: 4.61%, 우대 조건: 1.9%)', [
'Spring은 자바 웹 애플리케이션 개발을 위한 프레임워크로 주로 엔터프라이즈 애플리케이션 개발에 활용됩니다.',
'Spring의 강점은 다양한 기능을 제공하며 개발 생산성을 높일 수 있다는 점입니다.']
],
['Springboot (자격 조건: 2.98%, 우대 조건: 0.81%)', [
'Spring Boot는 스프링 애플리케이션을 빠르게 개발하기 위한 프레임워크로 주로 마이크로서비스 아키텍처에 활용됩니다.',
'Spring Boot의 강점은 간편한 설정과 빠른 개발 속도를 제공한다는 점입니다.']
],
['Nodejs (자격 조건: 2.71%, 우대 조건: 1.36%)', [
'Node.js는 JavaScript 런타임 환경으로 서버 사이드 애플리케이션 개발에 주로 사용되며 비동기 I/O 처리에 적합합니다.',
'Node.js의 강점은 높은 성능과 확장성을 제공하며 JavaScript를 이용한 풍부한 생태계를 갖고 있다는 점입니다.']
],
]","[
['Pytorch (자격 조건: 11.65%, 우대 조건: 1.63%)', [
'PyTorch는 딥러닝 모델을 구축하고 학습시키기 위한 오픈 소스 라이브러리로 주로 인공지능 및 머신러닝 분야에서 활용됩니다.',
'PyTorch의 강점은 동적 계산 그래프, GPU 가속, 강력한 커뮤니티 등을 통해 빠른 실험 및 개발이 가능하다는 점입니다.']
],
['Tensorflow (자격 조건: 10.3%, 우대 조건: 1.63%)', [
'TensorFlow는 머신러닝 및 딥러닝 모델을 구축하고 학습시키기 위한 오픈 소스 라이브러리로 주로 데이터 과학 및 인공지능 분야에서 활용됩니다.',
'TensorFlow의 강점은 다양한 모델 지원, 분산 학습, 모바일 및 임베디드 장치 지원 등을 통해 다양한 환경에서 활용이 가능하다는 점입니다.']
],
['Keras (자격 조건: 2.98%, 우대 조건: nan%)', [
'Keras는 딥러닝 모델을 쉽게 구축하고 학습시키기 위한 고수준 딥러닝 라이브러리로 TensorFlow와 함께 주로 사용됩니다.',
'Keras의 강점은 사용자 친화적인 API, 모듈화, 쉬운 확장성 등을 통해 빠른 프로토타이핑 및 실험이 가능하다는 점입니다.']
],
['React (자격 조건: 2.71%, 우대 조건: 0.81%)', [
'React는 사용자 인터페이스를 구축하기 위한 JavaScript 라이브러리로 주로 웹 애플리케이션 개발에 활용됩니다.',
'React의 강점은 가상 DOM, 컴포넌트 기반 아키텍처, 단방향 데이터 흐름 등을 통해 성능 최적화와 개발 생산성을 높일 수 있다는 점입니다.']
],
['Reactjs (자격 조건: 2.71%, 우대 조건: 0.81%)', [
'React.js는 React의 웹 개발을 위한 라이브러리로 주로 사용되며 React와 함께 웹 애플리케이션 개발에 활용됩니다.',
'React.js의 강점은 컴포넌트 재사용, 가독성 높은 코드 작성, 빠른 렌더링 속도 등을 통해 웹 애플리케이션의 사용자 경험을 향상시킬 수 있다는 점입니다.']
],
]","[
['Aws (자격 조건: 23.04%, 우대 조건: 20.6%)', [
'Amazon Web Services(AWS)는 클라우드 컴퓨팅 플랫폼으로 다양한 서비스를 제공하며 데이터 저장, 분석, 인프라 운영 등 다양한 영역에서 활용됩니다.',
'AWS의 강점은 확장성, 안정성, 다양한 서비스 제공 등을 통해 기업의 IT 인프라를 효율적으로 운영할 수 있다는 점입니다.']
],
['Aws Athena (자격 조건: 23.04%, 우대 조건: 20.33%)', [
'Amazon Athena는 서버리스 쿼리 서비스로 구조화된 데이터를 분석하기 위해 사용되며 대용량 데이터 분석에 활용됩니다.',
'Athena의 강점은 쿼리 기반 분석, 빠른 쿼리 실행, 서버리스 아키텍처 등을 통해 데이터 분석 프로세스를 간편하게 만들어준다는 점입니다.']
],
['Flow (자격 조건: 16.26%, 우대 조건: 8.4%)', [
'Flow는 JavaScript의 정적 타입 검사 도구로 코드의 오류를 사전에 발견하여 개발 생산성을 높이기 위해 사용됩니다.',
'Flow의 강점은 타입 안정성, 코드 가독성 향상, 리팩토링 지원 등을 통해 안정적이고 확장 가능한 JavaScript 코드를 작성할 수 있다는 점입니다.']
],
['Airflow (자격 조건: 15.99%, 우대 조건: 7.59%)', [
'Apache Airflow는 워크플로 관리 및 스케줄링을 위한 오픈 소스 플랫폼으로 데이터 파이프라인을 구축하고 관리하는 데 사용됩니다.',
'Airflow의 강점은 다양한 연산자 지원, 스케줄링 및 모니터링 기능, 확장성 등을 통해 데이터 파이프라인을 효율적으로 운영할 수 있다는 점입니다.']
],
['Mysql (자격 조건: 11.65%, 우대 조건: 1.9%)', [
'MySQL은 오픈 소스 관계형 데이터베이스 관리 시스템(RDBMS)으로 데이터 저장 및 관리를 위해 주로 사용되며 다양한 응용 프로그램에 적용됩니다.',
'MySQL의 강점은 안정성, 확장성, 성능 등을 통해 데이터베이스 시스템을 효율적으로 운영할 수 있다는 점입니다.']
],
]"
백엔드,"[
['Java (자격 조건: 47.02%, 우대 조건: 8.4%)', [
'Java는 백엔드 개발에서 널리 사용되며 대규모 시스템을 구축하는 데 적합합니다.',
'객체지향 프로그래밍을 지원하고 다양한 라이브러리와 프레임워크가 제공되어 생산성이 높습니다.']
],
['C (자격 조건: 41.45%, 우대 조건: 12.6%)', [
'C는 시스템 프로그래밍에 주로 사용되며 하드웨어와 밀접한 관련이 있습니다.',
'성능이 중요한 시스템에서 사용되며 저수준 메모리 조작이 가능합니다.']
],
['R (자격 조건: 34.89%, 우대 조건: 11.3%)', [
'R은 데이터 분석 및 통계 계산에 주로 사용되는 언어로 데이터 처리 및 시각화에 용이합니다.',
'다양한 통계 및 머신러닝 라이브러리를 지원하여 데이터 과학 분야에서 널리 사용됩니다.']
],
['Typescript (자격 조건: 22.29%, 우대 조건: 6.72%)', [
'Typescript는 JavaScript의 상위 집합 언어로 정적 타입을 지원하여 코드의 안정성을 높입니다.',
'큰 규모의 프로젝트에서 유지보수성을 높이고 개발 생산성을 향상시킬 수 있습니다.']
],
['Python (자격 조건: 21.3%, 우대 조건: 8.47%)', [
'Python은 다양한 분야에서 사용되는 범용 프로그래밍 언어로 문법이 간결하고 읽기 쉽습니다.',
'데이터 분석, 인공지능, 웹 개발 등 다양한 분야에서 활용되며 다양한 라이브러리와 프레임워크를 지원합니다.']
],
]","[
['Spring (자격 조건: 23.21%, 우대 조건: 4.89%)', [
'Spring은 Java 기반의 프레임워크로 엔터프라이즈급 애플리케이션을 개발하는 데 사용됩니다.',
'의존성 주입, AOP 등의 기능을 제공하여 개발 생산성을 높이고 유지보수성을 향상시킵니다.']
],
['Nodejs (자격 조건: 16.34%, 우대 조건: 3.97%)', [
'Node.js는 JavaScript 런타임 환경으로 비동기 이벤트 기반의 서버 사이드 개발에 적합합니다.',
'실시간 웹 애플리케이션 개발이 용이하고 npm을 통해 다양한 모듈을 사용할 수 있습니다.']
],
['Springboot (자격 조건: 10.84%, 우대 조건: 1.83%)', [
'Spring Boot는 스프링 기반의 프레임워크로 간편한 설정을 제공하여 빠르게 애플리케이션을 개발할 수 있습니다.',
'내장된 톰캣 서버를 제공하여 별도의 서버 설정이 필요없고 마이크로서비스 아키텍처에 적합합니다.']
],
['Nextjs (자격 조건: 9.08%, 우대 조건: 2.75%)', [
'Next.js는 React 기반의 프레임워크로 서버 사이드 렌더링 및 정적 사이트 생성을 지원합니다.',
'성능 최적화가 용이하고 SEO에 유리하며 개발자 경험을 향상시키는 기능을 제공합니다.']
],
['Vuejs (자격 조건: 8.02%, 우대 조건: 3.89%)', [
'Vue.js는 사용자 인터페이스를 구축하기 위한 프로그레시브 프레임워크로 가볍고 빠른 성능을 제공합니다.',
'단일 파일 컴포넌트, 반응성 시스템 등의 기능을 제공하여 웹 애플리케이션을 쉽게 개발할 수 있습니다.']
],
]","[
['React (자격 조건: 21.76%, 우대 조건: 8.47%)', [
'React는 사용자 인터페이스를 구축하기 위한 JavaScript 라이브러리로 컴포넌트 기반의 개발을 지원합니다.',
'가상 DOM을 활용하여 성능을 최적화하고 단방향 데이터 흐름을 통해 유지보수성을 높입니다.']
],
['Reactjs (자격 조건: 21.76%, 우대 조건: 8.17%)', [
'React.js는 React의 이전 버전을 가리키며 사용자 인터페이스를 구축하기 위한 JavaScript 라이브러리입니다.',
'컴포넌트 기반의 개발을 지원하고 가상 DOM을 활용하여 성능을 향상시킵니다.']
],
['Graphql (자격 조건: 3.59%, 우대 조건: 1.98%)', [
'GraphQL은 데이터를 효율적으로 관리하고 쿼리할 수 있는 쿼리 언어 및 런타임 환경입니다.',
'클라이언트가 필요로 하는 데이터만 요청할 수 있어 네트워크 트래픽을 최적화하고 유연한 API를 제공합니다.']
],
['Redux (자격 조건: 2.6%, 우대 조건: 0.76%)', [
'Redux는 JavaScript 애플리케이션의 상태를 관리하기 위한 예측 가능한 상태 컨테이너 라이브러리입니다.',
'단방향 데이터 흐름을 제공하여 상태 관리를 용이하게 하고 애플리케이션의 복잡성을 관리할 수 있습니다.']
],
['Recoil (자격 조건: 1.68%, 우대 조건: 0.76%)', [
'Recoil은 React 애플리케이션의 상태를 관리하기 위한 상태 관리 라이브러리로 유연성과 성능을 강조합니다.',
'원자적인 상태 업데이트와 비동기 데이터 로딩을 지원하여 복잡한 상태 관리를 간편하게 할 수 있습니다.']
],
]","[
['Aws (자격 조건: 31.22%, 우대 조건: 27.33%)', [
'Amazon Web Services(AWS)는 클라우드 컴퓨팅 플랫폼으로 다양한 서비스를 제공하여 애플리케이션을 운영할 수 있습니다.',
'탄력적인 확장성, 안정성, 보안성을 제공하며 서버리스 아키텍처 및 컨테이너 기술을 활용할 수 있습니다.']
],
['Aws Athena (자격 조건: 31.22%, 우대 조건: 27.33%)', [
'Amazon Athena는 서버리스 쿼리 서비스로 S3에 저장된 데이터를 쉽게 분석할 수 있습니다.',
'SQL 쿼리를 통해 데이터를 분석하고 시각화할 수 있으며 별도의 인프라 구성이 필요하지 않습니다.']
],
['Git (자격 조건: 25.95%, 우대 조건: 7.94%)', [
'Git은 분산 버전 관리 시스템으로 소스 코드의 이력을 관리하고 협업을 용이하게 합니다.',
'브랜치 전략, 병합, 리베이스 등의 기능을 제공하여 효율적인 소프트웨어 개발을 지원합니다.']
],
['Mysql (자격 조건: 19.24%, 우대 조건: 3.21%)', [
'MySQL은 오픈 소스 관계형 데이터베이스 관리 시스템으로 안정성과 성능이 우수합니다.',
'다양한 플랫폼에서 사용되며 트랜잭션 처리, 복제, 샤딩 등의 기능을 제공합니다.']
],
['Github (자격 조건: 10.23%, 우대 조건: 2.75%)', [
'GitHub는 Git 기반의 버전 관리 서비스로 소스 코드 호스팅, 협업, 이슈 트래킹 등을 제공합니다.',
'오픈 소스 프로젝트의 공유와 기여를 촉진하며 지속적인 통합 및 배포를 지원합니다.']
],
]"
블록체인,"[
['R (자격 조건: 46.38%, 우대 조건: 21.74%)', [
'블록체인에서 R은 데이터 분석 및 통계 모델링에 활용됩니다.',
'R은 데이터 처리 및 시각화에 강점을 가지고 있습니다.']
],
['C (자격 조건: 33.33%, 우대 조건: 14.49%)', [
'블록체인에서 C는 시스템 프로그래밍 및 하드웨어 제어에 활용됩니다.',
'C는 빠른 속도와 효율성을 강점으로 가지고 있습니다.']
],
['Java (자격 조건: 27.54%, 우대 조건: 8.7%)', [
'블록체인에서 Java는 크로스 플랫폼 애플리케이션 개발에 활용됩니다.',
'Java는 강력한 생태계와 보안성을 강점으로 가지고 있습니다.']
],
['Go (자격 조건: 23.19%, 우대 조건: 7.25%)', [
'블록체인에서 Go는 분산 시스템 및 네트워크 프로그래밍에 활용됩니다.',
'Go는 높은 성능과 간결한 문법을 강점으로 가지고 있습니다.']
],
['Rust (자격 조건: 21.74%, 우대 조건: 11.59%)', [
'블록체인에서 Rust는 안전한 시스템 프로그래밍에 활용됩니다.',
'Rust는 메모리 안정성과 다중 스레드 처리를 강점으로 가지고 있습니다.']
],
]","[
['Nodejs (자격 조건: 21.74%, 우대 조건: 4.35%)', [
'블록체인에서 Node.js는 서버 사이드 애플리케이션 개발에 활용됩니다.',
'Node.js는 비동기 I/O 처리와 확장성을 강점으로 가지고 있습니다.']
],
['Spring (자격 조건: 8.7%, 우대 조건: nan%)', [
'블록체인에서 Spring은 엔터프라이즈급 애플리케이션 개발에 활용됩니다.',
'Spring은 다양한 모듈과 안정성을 강점으로 가지고 있습니다.']
],
['Nestjs (자격 조건: 7.25%, 우대 조건: 1.45%)', [
'블록체인에서 Nest.js는 TypeScript 기반의 서버 사이드 애플리케이션 개발에 활용됩니다.',
'Nest.js는 모듈화와 테스트 용이성을 강점으로 가지고 있습니다.']
],
['Nextjs (자격 조건: 4.35%, 우대 조건: 7.25%)', [
'블록체인에서 Next.js는 리액트 기반의 서버 사이드 렌더링 애플리케이션 개발에 활용됩니다.',
'Next.js는 SEO 최적화와 빠른 페이지 로딩 속도를 강점으로 가지고 있습니다.']
],
['Vuejs (자격 조건: 4.35%, 우대 조건: nan%)', [
'블록체인에서 Vue.js는 사용자 인터페이스 개발에 활용됩니다.',
'Vue.js는 가볍고 빠른 성능을 강점으로 가지고 있습니다.']
],
]","[
['React (자격 조건: 10.14%, 우대 조건: 7.25%)', [
'블록체인에서 React는 사용자 인터페이스 개발에 활용됩니다.',
'React는 가상 돔과 컴포넌트 기반 개발을 강점으로 가지고 있습니다.']
],
['Reactjs (자격 조건: 10.14%, 우대 조건: 7.25%)', [
'블록체인에서 React.js는 웹 애플리케이션 개발에 활용됩니다.',
'React.js는 단방향 데이터 흐름과 재사용성을 강점으로 가지고 있습니다.']
],
['Mobx (자격 조건: 2.9%, 우대 조건: nan%)', [
'블록체인에서 MobX는 상태 관리 라이브러리로 활용됩니다.',
'MobX는 간단한 구조와 반응성을 강점으로 가지고 있습니다.']
],
['Recoil (자격 조건: 2.9%, 우대 조건: nan%)', [
'블록체인에서 Recoil은 리액트 상태 관리 라이브러리로 활용됩니다.',
'Recoil은 최소한의 보일러플레이트 코드와 유연성을 강점으로 가지고 있습니다.']
],
['Redux (자격 조건: 2.9%, 우대 조건: nan%)', [
'블록체인에서 Redux는 상태 관리 라이브러리로 활용됩니다.',
'Redux는 단일 스토어와 예측 가능한 상태 관리를 강점으로 가지고 있습니다.']
],
]","[
['Git (자격 조건: 23.19%, 우대 조건: 17.39%)', [
'블록체인에서 Git은 버전 관리 및 협업에 활용됩니다.',
'Git은 분산 버전 관리 시스템과 브랜치 전략을 강점으로 가지고 있습니다.']
],
['Aws (자격 조건: 21.74%, 우대 조건: 13.04%)', [
'블록체인에서 AWS는 클라우드 서비스를 제공하는데 활용됩니다.',
'AWS는 다양한 서비스와 확장성을 강점으로 가지고 있습니다.']
],
['Aws Athena (자격 조건: 21.74%, 우대 조건: 13.04%)', [
'블록체인에서 AWS Athena는 서버리스 쿼리 서비스로 활용됩니다.',
'AWS Athena는 빠른 쿼리 속도와 간편한 사용을 강점으로 가지고 있습니다.']
],
['Kubernetes (자격 조건: 17.39%, 우대 조건: 15.94%)', [
'블록체인에서 Kubernetes는 컨테이너 오케스트레이션에 활용됩니다.',
'Kubernetes는 자동화된 배포와 확장성을 강점으로 가지고 있습니다.']
],
['Docker (자격 조건: 10.14%, 우대 조건: 8.7%)', [
'블록체인에서 Docker는 컨테이너화된 애플리케이션 배포에 활용됩니다.',
'Docker는 가볍고 빠른 가상화를 강점으로 가지고 있습니다.']
],
]"
시스템,"[
['C (자격 조건: 21.61%, 우대 조건: 6.96%)', [
'C 언어는 하드웨어 제어 및 시스템 프로그래밍에 주로 사용됩니다. 운영 체제, 컴파일러, 임베디드 시스템 등 다양한 분야에서 활용됩니다.',
'C 언어는 저수준의 메모리 조작이 가능하고 빠른 속도를 제공하는 강력한 언어입니다. 또한 시스템 프로그래밍에 적합하며 이식성이 뛰어나다는 장점이 있습니다.']
],
['Java (자격 조건: 18.32%, 우대 조건: 7.33%)', [
'Java는 크로스 플랫폼 어플리케이션 개발에 주로 사용됩니다. 대규모 시스템, 웹 어플리케이션, 모바일 어플리케이션 등 다양한 분야에서 활용됩니다.',
'Java는 객체지향 프로그래밍 언어로 강력한 라이브러리 지원과 풍부한 생태계를 가지고 있습니다. 또한 안정성과 보안성이 높다는 장점이 있습니다.']
],
['Python (자격 조건: 17.95%, 우대 조건: 5.49%)', [
'Python은 데이터 분석, 인공지능, 웹 개발 등 다양한 분야에서 활용되는 범용 프로그래밍 언어입니다.',
'Python은 문법이 간결하고 읽기 쉽다는 특징을 가지고 있으며 다양한 라이브러리와 프레임워크를 지원하여 개발 생산성을 높일 수 있는 장점이 있습니다.']
],
['C++ (자격 조건: 9.89%, 우대 조건: 2.2%)', [
'C++은 객체지향 프로그래밍 언어로 시스템 프로그래밍, 게임 개발, 고성능 애플리케이션 등에 주로 사용됩니다.',
'C++은 C 언어의 장점을 그대로 가지면서 객체지향 프로그래밍을 지원하는 언어로, 높은 성능과 확장성을 제공하는 장점이 있습니다.']
],
['R (자격 조건: 8.79%, 우대 조건: 2.56%)', [
'R은 통계 분석 및 데이터 시각화에 주로 사용되는 프로그래밍 언어입니다. 데이터 과학, 빅데이터 분석 등에 활용됩니다.',
'R은 데이터 처리와 분석에 특화된 풍부한 라이브러리를 제공하며 시각화 기능이 우수하다는 장점이 있습니다.']
],
]","[
['Spring (자격 조건: 8.42%, 우대 조건: 1.83%)', [
'Spring 프레임워크는 자바 언어로 개발된 엔터프라이즈급 어플리케이션을 개발하기 위한 프레임워크입니다. 웹 개발, 마이크로서비스 아키텍처 등에 활용됩니다.',
'Spring은 다양한 모듈을 제공하여 개발 생산성을 높이고 유지보수를 용이하게 하는 장점이 있습니다. 또한 다양한 기능을 제공하여 개발자가 효율적으로 개발할 수 있습니다.']
],
['Nodejs (자격 조건: 4.4%, 우대 조건: 1.1%)', [
'Node.js는 자바스크립트 런타임 환경으로 서버 사이드 어플리케이션 개발에 주로 사용됩니다. 비동기 이벤트 기반의 서버를 구축할 수 있습니다.',
'Node.js는 빠른 속도와 확장성을 제공하며 자바스크립트를 이용하여 서버 사이드 개발을 할 수 있는 장점이 있습니다.']
],
['Springboot (자격 조건: 2.93%, 우대 조건: 1.1%)', [
'Spring Boot는 Spring 프레임워크를 사용하여 간편하고 빠르게 어플리케이션을 개발할 수 있도록 도와주는 프레임워크입니다. 마이크로서비스 아키텍처에 적합합니다.',
'Spring Boot는 설정이 간단하고 개발 생산성을 높일 수 있는 장점이 있으며 내장된 톰캣 서버를 이용하여 쉽게 배포할 수 있습니다.']
],
['Django (자격 조건: 2.2%, 우대 조건: nan%)', [
'Django는 파이썬으로 작성된 웹 프레임워크로 웹 어플리케이션을 빠르게 개발할 수 있도록 도와줍니다. 안정적이고 확장성이 좋은 프레임워크입니다.',
'Django는 간단한 구조와 다양한 기능을 제공하여 웹 개발을 효율적으로 할 수 있는 장점이 있습니다.']
],
['Nextjs (자격 조건: 2.2%, 우대 조건: nan%)', [
'Next.js는 리액트 기반의 웹 프레임워크로 서버 사이드 렌더링을 지원하여 SEO에 유리한 웹 어플리케이션을 개발할 수 있습니다.',
'Next.js는 간편한 설정과 빠른 렌더링 속도를 제공하며 리액트와의 호환성이 뛰어나다는 장점이 있습니다.']
],
]","[
['React (자격 조건: 2.56%, 우대 조건: 1.1%)', [
'React는 사용자 인터페이스를 구축하기 위한 자바스크립트 라이브러리로, 웹 어플리케이션의 UI를 구성하는 데 사용됩니다.',
'React는 가상 돔 기술을 통해 빠른 렌더링 속도를 제공하며 컴포넌트 기반의 개발 방식을 지원하여 재사용성을 높일 수 있는 장점이 있습니다.']
],
['Reactjs (자격 조건: 2.56%, 우대 조건: 1.1%)', [
'React.js는 React의 확장판으로, 서버 사이드 렌더링을 지원하여 초기 로딩 속도를 개선할 수 있습니다.',
'React.js는 가상 돔 기술을 기반으로 하여 빠른 렌더링 속도와 컴포넌트 재사용성을 제공하는 장점이 있습니다.']
],
['Pytorch (자격 조건: 2.56%, 우대 조건: nan%)', [
'PyTorch는 딥러닝 프레임워크로, 텐서 연산과 자동 미분 기능을 제공하여 빠르고 쉽게 딥러닝 모델을 구축할 수 있습니다.',
'PyTorch는 동적 그래프 생성 방식을 사용하여 유연한 모델 설계가 가능하며 Pythonic한 인터페이스를 제공하여 사용자 친화적인 장점이 있습니다.']
],
['Tensorflow (자격 조건: 2.56%, 우대 조건: nan%)', [
'TensorFlow는 구글에서 개발한 오픈소스 머신러닝 프레임워크로, 딥러닝 모델의 구축과 학습을 위해 널리 사용됩니다.',
'TensorFlow는 분산 학습, 모바일 및 임베디드 장치 지원 등 다양한 기능을 제공하며 높은 성능과 확장성을 가지고 있다는 장점이 있습니다.']
],
['Graphql (자격 조건: 1.83%, 우대 조건: 0.73%)', [
'GraphQL은 데이터를 효율적으로 관리하고 쿼리하기 위한 쿼리 언어 및 런타임입니다. 웹 어플리케이션의 데이터 요청을 효율적으로 처리할 수 있습니다.',
'GraphQL은 클라이언트가 필요로 하는 데이터를 정확히 요청할 수 있으며 여러 소스로부터 데이터를 효율적으로 가져올 수 있는 장점이 있습니다.']
],
]","[
['Aws (자격 조건: 18.32%, 우대 조건: 16.12%)', [
'Amazon Web Services(AWS)는 클라우드 컴퓨팅 플랫폼으로 다양한 클라우드 서비스를 제공합니다. 서버 호스팅, 데이터 스토리지, 인공지능 등 다양한 서비스를 이용할 수 있습니다.',
'AWS는 확장성이 뛰어나고 안정적인 클라우드 서비스를 제공하여 비용을 절감하고 개발 생산성을 높일 수 있는 장점이 있습니다.']
],
['Aws Athena (자격 조건: 18.32%, 우대 조건: 16.12%)', [
'Amazon Athena는 서버리스 쿼리 서비스로, S3에 저장된 데이터를 쉽게 분석할 수 있도록 도와줍니다. SQL 쿼리를 사용하여 데이터를 분석할 수 있습니다.',
'Athena는 별도의 인프라 구축이 필요 없이 즉시 사용할 수 있으며 비용은 쿼리한 데이터 양에 따라 지불하는 Pay-As-You-Go 방식을 제공하는 장점이 있습니다.']
],
['Git (자격 조건: 13.55%, 우대 조건: 5.49%)', [
'Git은 분산 버전 관리 시스템으로, 소스 코드의 이력을 관리하고 협업을 위해 사용됩니다. 다수의 개발자가 함께 작업할 때 유용합니다.',
'Git은 브랜치 전략, 코드 리뷰, 이슈 트래킹 등 다양한 기능을 제공하여 효율적인 협업과 소스 코드 관리를 할 수 있는 장점이 있습니다.']
],
['Kubernetes (자격 조건: 11.72%, 우대 조건: 10.99%)', [
'Kubernetes는 컨테이너 오케스트레이션 툴로, 컨테이너화된 어플리케이션을 배포, 확장, 관리하는 데 사용됩니다. 다중 클라우드 환경에서 유연한 배포가 가능합니다.',
'Kubernetes는 자동화된 배포, 스케일링, 로드 밸런싱 등 다양한 기능을 제공하여 안정적이고 확장성 있는 어플리케이션 운영을 할 수 있는 장점이 있습니다.']
],
['Docker (자격 조건: 9.52%, 우대 조건: 7.33%)', [
'Docker는 컨테이너 기반 가상화 플랫폼으로, 어플리케이션을 격리된 환경에서 실행할 수 있도록 도와줍니다. 개발 환경의 일관성을 유지할 수 있습니다.',
'Docker는 가볍고 빠른 가상화를 제공하여 어플리케이션의 이식성을 높이고 개발 및 배포 과정을 간편하게 할 수 있는 장점이 있습니다.']
],
]"
앱 개발자,"[
['Java (자격 조건: 24.74%, 우대 조건: 5.92%)', [
'Java는 안드로이드 앱 및 엔터프라이즈 소프트웨어 개발에 널리 사용됩니다. 안정성, 이식성, 다양한 라이브러리 및 프레임워크 지원이 강점입니다.'
]
],
['C (자격 조건: 23.69%, 우대 조건: 7.67%)', [
'C는 하드웨어 제어, 시스템 프로그래밍, 임베디드 시스템 등 다양한 분야에서 활용됩니다. 빠른 속도와 효율성이 강점입니다.'
]
],
['Swift (자격 조건: 21.25%, 우대 조건: 8.71%)', [
'Swift는 iOS 및 macOS 앱 개발에 사용되는 언어로, 안전성, 성능, 간결성이 강점입니다.'
]
],
['Kotlin (자격 조건: 21.25%, 우대 조건: 8.01%)', [
'Kotlin은 안드로이드 앱 개발을 위한 현대적인 언어로, 자바와의 상호운용성, 안정성, 간결성이 강점입니다.'
]
],
['R (자격 조건: 18.82%, 우대 조건: 5.92%)', [
'R은 데이터 분석 및 시각화에 주로 사용되는 언어로, 풍부한 통계 및 그래픽 라이브러리가 있어 강점입니다.'
]
]
]","[
['React Native (자격 조건: 16.38%, 우대 조건: 7.67%)', [
'React Native는 크로스 플랫폼 모바일 앱 개발을 위한 프레임워크로, 빠른 개발과 확장성이 강점입니다.'
]
],
['Nodejs (자격 조건: 5.23%, 우대 조건: 1.39%)', [
'Node.js는 서버 사이드 애플리케이션 개발을 위한 JavaScript 런타임 환경으로, 비동기 I/O 처리와 확장성이 강점입니다.'
]
],
['Nextjs (자격 조건: 4.88%, 우대 조건: 1.05%)', [
'Next.js는 React 기반의 웹 애플리케이션을 쉽게 개발할 수 있는 프레임워크로, SSR 및 정적 사이트 생성 기능이 강점입니다.'
]
],
['Spring (자격 조건: 2.79%, 우대 조건: 0.35%)', [
'Spring은 Java 기반의 엔터프라이즈 애플리케이션을 개발하기 위한 프레임워크로, 다양한 기능과 모듈화가 강점입니다.'
]
],
['Vuejs (자격 조건: 2.44%, 우대 조건: 1.39%)', [
'Vue.js는 사용자 인터페이스를 구축하기 위한 프로그레시브 프레임워크로, 가볍고 빠른 개발이 가능한 강점이 있습니다.'
]
]
]","[
['React (자격 조건: 16.72%, 우대 조건: 7.67%)', [
'React는 사용자 인터페이스를 구축하기 위한 JavaScript 라이브러리로, 컴포넌트 기반 구조와 가상 돔이 강점입니다.'
]
],
['Reactjs (자격 조건: 16.72%, 우대 조건: 7.32%)', [
'React.js는 React의 웹 애플리케이션 개발을 위한 라이브러리로, 컴포넌트 재사용과 성능 최적화가 강점입니다.'
]
],
['Redux (자격 조건: 3.48%, 우대 조건: 0.35%)', [
'Redux는 React 애플리케이션의 상태 관리를 위한 라이브러리로, 단방향 데이터 흐름과 예측 가능한 상태 변화가 강점입니다.'
]
],
['Graphql (자격 조건: 2.79%, 우대 조건: 2.09%)', [
'GraphQL은 API를 위한 쿼리 언어로, 클라이언트가 필요한 데이터를 요청할 수 있는 유연성이 강점입니다.'
]
],
['Recoil (자격 조건: 2.44%, 우대 조건: 0.7%)', [
'Recoil은 React 애플리케이션의 상태 관리를 위한 라이브러리로, 최소한의 보일러플레이트 코드와 간단한 설정이 강점입니다.'
]
]
]","[
['Git (자격 조건: 27.87%, 우대 조건: 13.59%)', [
'Git은 버전 관리 시스템으로, 협업 및 소스 코드 관리에 필수적이며 브랜치 전략과 분산 저장소가 강점입니다.'
]
],
['Github (자격 조건: 7.67%, 우대 조건: 3.83%)', [
'GitHub는 Git을 기반으로 하는 코드 호스팅 플랫폼으로, 협업과 이슈 트래킹 기능이 강점입니다.'
]
],
['Aws (자격 조건: 6.97%, 우대 조건: 2.79%)', [
'AWS는 클라우드 컴퓨팅 플랫폼으로, 확장성과 안정성이 뛰어나며 다양한 클라우드 서비스를 제공하는 것이 강점입니다.'
]
],
['Aws Athena (자격 조건: 6.62%, 우대 조건: 2.79%)', [
'AWS Athena는 서버리스 쿼리 서비스로, 데이터 분석 및 처리를 위한 간편한 사용법과 확장성이 강점입니다.'
]
],
['Jira (자격 조건: 5.57%, 우대 조건: 4.88%)', [
'Jira는 이슈 추적 및 프로젝트 관리 도구로, 다양한 팀 협업 기능과 유연한 사용자 정의가 강점입니다.'
]
]
]"
언어별 개발자,"[
['C (자격 조건: 42.21%, 우대 조건: 12.71%)', [
'C 언어는 하드웨어 제어 및 시스템 프로그래밍에 주로 사용됩니다. 운영 체제, 컴파일러, 임베디드 시스템, 네트워크 드라이버 등 다양한 분야에서 활용됩니다.',
'C 언어는 저수준의 메모리 조작이 가능하고 빠른 속도를 제공하는 강력한 언어입니다. 또한 시스템 프로그래밍에 적합하며 이식성이 뛰어나다는 장점이 있습니다.']
],
['Java (자격 조건: 39.51%, 우대 조건: 8.09%)', [
'Java는 다양한 플랫폼에서 사용할 수 있는 범용 프로그래밍 언어로, 주로 웹 애플리케이션, 모바일 애플리케이션, 엔터프라이즈 시스템 등 다양한 분야에서 활용됩니다.',
'Java는 객체지향 프로그래밍 언어로서 안정성, 이식성, 다중 스레드 지원 등의 장점을 가지고 있습니다. 또한 대규모 시스템 개발에 적합한 언어입니다.']
],
['Python (자격 조건: 28.02%, 우대 조건: 9.31%)', [
'Python은 다양한 분야에서 사용되는 범용 프로그래밍 언어로, 웹 개발, 데이터 분석, 인공지능, 자동화 등 다양한 영역에서 활용됩니다.',
'Python은 문법이 간결하고 읽기 쉽다는 특징을 가지고 있으며, 다양한 라이브러리와 프레임워크를 지원하여 개발 생산성을 높일 수 있는 장점이 있습니다.']
],
['R (자격 조건: 22.28%, 우대 조건: 7.75%)', [
'R은 통계 및 데이터 분석에 주로 사용되는 프로그래밍 언어로, 데이터 시각화, 머신러닝, 통계 분석 등 다양한 분야에서 활용됩니다.',
'R은 데이터 분석에 특화된 풍부한 라이브러리와 그래픽 기능을 제공하며, 통계학자나 데이터 과학자들 사이에서 널리 사용되는 언어입니다.']
],
['C++ (자격 조건: 17.23%, 우대 조건: 4.44%)', [
'C++은 C 언어를 기반으로 한 객체지향 프로그래밍 언어로, 시스템 프로그래밍, 게임 개발, 고성능 애플리케이션 등 다양한 분야에서 활용됩니다.',
'C++은 C 언어의 강력함과 객체지향 프로그래밍의 장점을 결합하여 빠른 속도와 확장성을 제공하는 언어입니다. 또한 다양한 라이브러리와 프레임워크를 지원합니다.']
],
]","[
['Spring (자격 조건: 21.41%, 우대 조건: 5.05%)', [
'Spring은 Java 기반의 프레임워크로, 엔터프라이즈급 애플리케이션 개발에 주로 사용됩니다. 의존성 주입, AOP, 트랜잭션 관리 등을 지원하여 개발 생산성을 높일 수 있습니다.',
'Spring은 다양한 모듈로 구성되어 있어 개발자가 필요한 기능을 선택적으로 사용할 수 있으며, 커뮤니티와 생태계가 발달되어 있어 지속적인 지원을 받을 수 있는 장점이 있습니다.']
],
['Nodejs (자격 조건: 15.4%, 우대 조건: 3.13%)', [
'Node.js는 JavaScript 런타임 환경으로, 서버 사이드 애플리케이션 개발에 주로 사용됩니다. 비동기 I/O 처리를 지원하여 높은 성능을 제공합니다.',
'Node.js는 단일 스레드 이벤트 루프 모델을 사용하여 확장성이 뛰어나며, npm을 통해 다양한 모듈을 제공받을 수 있는 생태계가 풍부한 특징을 가지고 있습니다.']
],
['Springboot (자격 조건: 10.88%, 우대 조건: 2.26%)', [
'Spring Boot는 Spring 기반의 프레임워크로, 마이크로서비스 아키텍처를 구축할 때 주로 사용됩니다. 내장형 서버, 자동 구성, 스타터 등을 제공하여 개발 생산성을 높일 수 있습니다.',
'Spring Boot는 간단한 설정으로 빠르게 애플리케이션을 개발할 수 있는 장점을 가지고 있으며, Spring의 생태계와 호환성을 유지하면서 개발할 수 있습니다.']
],
['Nestjs (자격 조건: 5.92%, 우대 조건: 2.09%)', [
'Nest.js는 TypeScript로 작성된 서버 사이드 프레임워크로, Angular 스타일의 구조와 의존성 주입을 지원하여 모듈화된 애플리케이션을 개발할 수 있습니다.',
'Nest.js는 강력한 추상화와 테스트 가능성을 제공하며, Express 기반으로 동작하여 Node.js 생태계와의 호환성을 가지고 있습니다.']
],
['Django (자격 조건: 5.57%, 우대 조건: 2.44%)', [
'Django는 Python 기반의 웹 프레임워크로, 빠른 개발과 안정성을 제공하여 웹 애플리케이션을 구축할 때 주로 사용됩니다. ORM, 관리자 인터페이스, 보안 기능 등을 제공합니다.',
'Django는 개발 생산성을 높일 수 있는 다양한 기능을 제공하며, 커뮤니티와 문서화가 잘 되어 있어 지원을 받을 수 있는 장점이 있습니다.']
],
]","[
['React (자격 조건: 8.96%, 우대 조건: 5.22%)', [
'React는 사용자 인터페이스를 구축하기 위한 JavaScript 라이브러리로, 웹 애플리케이션의 UI를 구성할 때 주로 사용됩니다. 가상 DOM, 컴포넌트 기반 아키텍처를 제공합니다.',
'React는 단방향 데이터 흐름과 재사용 가능한 컴포넌트를 통해 개발 생산성을 높일 수 있으며, React Native를 통해 모바일 애플리케이션도 개발할 수 있습니다.']
],
['Reactjs (자격 조건: 8.96%, 우대 조건: 5.13%)', [
'React.js는 React의 이전 버전을 가리키는 용어로, React 라이브러리를 사용하여 웹 애플리케이션의 UI를 구성할 때 주로 사용됩니다. 가상 DOM, 컴포넌트 기반 아키텍처를 제공합니다.',
'React.js는 React의 초기 버전을 지칭하며, React 라이브러리의 기본 개념과 사용법을 이해하는 데 도움이 됩니다.']
],
['Pytorch (자격 조건: 4.7%, 우대 조건: 1.22%)', [
'PyTorch는 딥러닝 프레임워크로, 텐서 연산과 자동 미분 기능을 제공하여 빠르고 유연한 모델 개발을 지원합니다. Python 기반으로 구현되어 있습니다.',
'PyTorch는 동적 그래프 구조를 가지고 있어 모델의 구성이 유연하며, 학습 과정을 직관적으로 파악할 수 있는 장점을 가지고 있습니다.']
],
['Tensorflow (자격 조건: 3.92%, 우대 조건: 1.39%)', [
'TensorFlow는 구글에서 개발한 오픈소스 머신러닝 프레임워크로, 대규모 딥러닝 모델을 구축하고 학습시킬 때 주로 사용됩니다. 그래프 기반의 연산을 지원합니다.',
'TensorFlow는 분산 학습, 모바일 및 임베디드 기기 지원, 풍부한 커뮤니티 등의 장점을 가지고 있으며, 다양한 머신러닝 및 딥러닝 모델을 구현할 수 있습니다.']
],
['Graphql (자격 조건: 2.96%, 우대 조건: 1.31%)', [
'GraphQL은 데이터를 효율적으로 관리하고 쿼리하기 위한 쿼리 언어 및 런타임 환경으로, 웹 애플리케이션의 데이터 요청 및 응답을 관리할 때 주로 사용됩니다.',
'GraphQL은 클라이언트가 필요한 데이터만 요청할 수 있어 네트워크 트래픽을 최적화할 수 있는 장점을 가지고 있으며, RESTful API보다 유연하고 강력한 기능을 제공합니다.']
],
]","[
['Git (자격 조건: 23.67%, 우대 조건: 9.14%)', [
'Git은 분산 버전 관리 시스템으로, 소스 코드의 이력을 관리하고 협업을 위해 사용됩니다. 브랜치, 병합, 커밋 등의 기능을 제공합니다.',
'Git은 빠른 속도와 분산 버전 관리의 장점을 가지고 있으며, GitHub, GitLab 등 다양한 플랫폼과 통합하여 사용할 수 있습니다.']
],
['Aws (자격 조건: 23.24%, 우대 조건: 22.45%)', [
'Amazon Web Services(AWS)는 클라우드 컴퓨팅 플랫폼으로, 서버, 스토리지, 데이터베이스, 인공지능 등의 다양한 클라우드 서비스를 제공합니다. 기업의 인프라를 클라우드로 이전하거나 새로운 서비스를 구축할 때 사용됩니다.',
'AWS는 확장성, 신뢰성, 보안성 등의 장점을 가지고 있으며, 다양한 서비스와 지역을 제공하여 전 세계적으로 안정적인 클라우드 인프라를 제공합니다.']
],
['Aws Athena (자격 조건: 23.24%, 우대 조건: 22.45%)', [
'Amazon Athena는 서버리스 쿼리 서비스로, S3에 저장된 데이터를 쿼리하여 분석할 수 있는 기능을 제공합니다. 대용량 데이터 분석 및 BI 작업에 사용됩니다.',
'Athena는 별도의 서버 구성 없이 사용할 수 있으며, SQL 쿼리를 통해 데이터를 분석할 수 있는 장점을 가지고 있습니다.']
],
['Mysql (자격 조건: 16.1%, 우대 조건: 3.05%)', [
'MySQL은 오픈소스 관계형 데이터베이스 관리 시스템으로, 다양한 웹 애플리케이션 및 시스템에서 데이터 저장 및 관리에 사용됩니다. ACID 트랜잭션, 인덱싱, 복제 등을 지원합니다.',
'MySQL은 안정성, 성능, 확장성 등의 장점을 가지고 있으며, 다양한 플랫폼과 언어에서 지원되어 널리 사용되는 데이터베이스 시스템입니다.']
],
['Redis (자격 조건: 9.05%, 우대 조건: 5.4%)', [
'Redis는 오픈소스 인메모리 데이터 구조 저장소로, 캐싱, 세션 관리, 메시지 브로커 등 다양한 용도로 사용됩니다. 빠른 읽기/쓰기 속도와 다양한 데이터 구조를 지원합니다.',
'Redis는 메모리 기반의 데이터베이스로 높은 성능을 제공하며, 영속성 옵션을 통해 데이터의 지속성을 보장할 수 있는 장점을 가지고 있습니다.']
],
]"
인프라 엔지니어,"[
['C (자격 조건: 33.28%, 우대 조건: 9.53%)', [
'C 언어는 하드웨어 제어 및 시스템 프로그래밍에 주로 사용됩니다. 운영 체제, 컴파일러, 임베디드 시스템, 네트워크 드라이버 등을 개발하는 데 적합합니다.',
'C 언어는 저수준 메모리 액세스와 빠른 실행 속도를 제공하는 강력한 언어입니다. 또한 시스템 프로그래밍에 적합하며 이식성이 뛰어나고 다양한 플랫폼에서 사용될 수 있습니다.']
],
['Python (자격 조건: 23.59%, 우대 조건: 8.89%)', [
'Python은 다양한 분야에서 사용되는 범용 프로그래밍 언어로, 웹 개발, 데이터 분석, 인공지능, 자동화 등 다양한 영역에서 활용됩니다.',
'Python은 문법이 간결하고 읽기 쉬우며 다양한 라이브러리와 프레임워크를 지원하여 개발 생산성을 높일 수 있습니다. 또한 다양한 플랫폼에서 지원되어 확장성이 좋습니다.']
],
['Java (자격 조건: 23.59%, 우대 조건: 6.54%)', [
'Java는 크로스 플랫폼 어플리케이션 개발에 주로 사용되며, 대규모 시스템, 안드로이드 앱, 웹 어플리케이션 등을 개발하는 데 적합합니다.',
'Java는 객체지향 프로그래밍 언어로 강력한 타입 시스템을 제공하며 안정성과 이식성이 뛰어납니다. 또한 다양한 라이브러리와 프레임워크를 지원하여 개발 생산성을 높일 수 있습니다.']
],
['R (자격 조건: 20.27%, 우대 조건: 7.19%)', [
'R은 통계 및 데이터 분석에 주로 사용되는 프로그래밍 언어로, 데이터 시각화, 머신러닝, 통계 분석 등에 활용됩니다.',
'R은 데이터 분석 및 시각화에 특화된 기능을 제공하며 다양한 통계 패키지를 지원하여 데이터 과학 분야에서 널리 사용됩니다.']
],
['C++ (자격 조건: 13.0%, 우대 조건: 3.23%)', [
'C++은 C 언어를 기반으로 한 객체지향 프로그래밍 언어로, 시스템 프로그래밍, 게임 개발, 고성능 애플리케이션 등에 주로 사용됩니다.',
'C++은 C 언어의 강력함과 객체지향 프로그래밍의 장점을 결합하여 높은 성능과 확장성을 제공합니다. 또한 다양한 플랫폼에서 사용될 수 있습니다.']
],
]","[
['Spring (자격 조건: 10.58%, 우대 조건: 2.75%)', [
'Spring 프레임워크는 자바 언어로 웹 어플리케이션을 개발하기 위한 프레임워크로, 의존성 주입, AOP, 트랜잭션 관리 등을 지원합니다.',
'Spring은 모듈화가 잘 되어 있고 다양한 기능을 제공하여 개발 생산성을 높일 수 있습니다. 또한 다양한 확장 모듈을 제공하여 유연한 개발이 가능합니다.']
],
['Nodejs (자격 조건: 9.05%, 우대 조건: 1.62%)', [
'Node.js는 JavaScript 런타임 환경으로 서버 사이드 애플리케이션 개발에 주로 사용되며, 비동기 이벤트 기반의 서버를 구축할 수 있습니다.',
'Node.js는 빠른 속도와 확장성을 제공하며 JavaScript를 사용하여 전체 웹 애플리케이션을 개발할 수 있습니다. 또한 npm을 통해 다양한 라이브러리를 활용할 수 있습니다.']
],
['Nextjs (자격 조건: 5.09%, 우대 조건: 1.13%)', [
'Next.js는 React 기반의 웹 프레임워크로, 서버 사이드 렌더링 및 정적 사이트 생성을 지원하여 빠른 웹 애플리케이션을 개발할 수 있습니다.',
'Next.js는 SEO에 우수하며 개발자 친화적인 환경을 제공합니다. 또한 다양한 기능을 제공하여 웹 애플리케이션을 효율적으로 개발할 수 있습니다.']
],
['Springboot (자격 조건: 4.44%, 우대 조건: 0.65%)', [
'Spring Boot는 Spring 프레임워크를 기반으로 한 마이크로서비스 개발을 위한 프레임워크로, 간단한 설정으로 빠르게 애플리케이션을 구축할 수 있습니다.',
'Spring Boot는 내장된 서버를 제공하여 별도의 서버 설정이 필요 없으며 스프링의 기능을 쉽게 활용할 수 있습니다. 또한 스프링 생태계와의 호환성이 뛰어납니다.']
],
['Vuejs (자격 조건: 3.8%, 우대 조건: 1.13%)', [
'Vue.js는 사용자 인터페이스를 구축하기 위한 프로그레시브 프레임워크로, 단일 페이지 애플리케이션 및 웹 애플리케이션을 개발하는 데 사용됩니다.',
'Vue.js는 가볍고 빠르며 반응성이 우수합니다. 또한 가상 DOM을 통해 성능을 최적화하고 컴포넌트 기반 아키텍처를 제공하여 개발 생산성을 높일 수 있습니다.']
],
]","[
['React (자격 조건: 10.9%, 우대 조건: 3.55%)', [
'React는 사용자 인터페이스를 구축하기 위한 JavaScript 라이브러리로, 단일 페이지 애플리케이션 및 웹 애플리케이션을 개발하는 데 사용됩니다.',
'React는 가상 DOM을 활용하여 성능을 최적화하고 컴포넌트 기반 아키텍처를 제공하여 개발 생산성을 높일 수 있습니다. 또한 상태 관리 및 라우팅을 효율적으로 처리할 수 있습니다.']
],
['Reactjs (자격 조건: 10.9%, 우대 조건: 3.47%)', [
'React.js는 React의 확장 라이브러리로, 상태 관리, 라우팅, 데이터 플로우 관리 등을 보다 효율적으로 처리할 수 있습니다.',
'React.js는 React의 생태계를 보완하여 개발 생산성을 높일 수 있으며 다양한 기능을 제공하여 웹 애플리케이션을 효율적으로 개발할 수 있습니다.']
],
['Pytorch (자격 조건: 3.96%, 우대 조건: 1.29%)', [
'PyTorch는 딥러닝 및 머신러닝 모델을 구축하기 위한 오픈 소스 라이브러리로, 자연어 처리, 이미지 분류, 강화 학습 등에 사용됩니다.',
'PyTorch는 동적 계산 그래프를 지원하여 유연한 모델 구축이 가능하며 GPU 가속을 통해 높은 성능을 제공합니다. 또한 다양한 커뮤니티와 자료가 활발하게 제공됩니다.']
],
['Tensorflow (자격 조건: 3.23%, 우대 조건: 1.05%)', [
'TensorFlow는 머신러닝 및 딥러닝 모델을 구축하기 위한 오픈 소스 라이브러리로, 이미지 분류, 음성 인식, 자연어 처리 등에 사용됩니다.',
'TensorFlow는 정적 계산 그래프를 지원하여 최적화된 모델을 구축할 수 있으며 분산 학습 및 배포에 용이합니다. 또한 다양한 플랫폼에서 사용할 수 있습니다.']
],
['Graphql (자격 조건: 2.26%, 우대 조건: 0.81%)', [
'GraphQL은 데이터를 효율적으로 관리하고 쿼리하기 위한 쿼리 언어 및 런타임 환경으로, API 개발 및 데이터 요청에 사용됩니다.',
'GraphQL은 클라이언트가 필요로 하는 데이터를 정확히 요청할 수 있으며 여러 소스로부터 데이터를 효율적으로 가져올 수 있습니다. 또한 타입 시스템을 제공하여 안정성을 높일 수 있습니다.']
],
]","[
['Aws (자격 조건: 25.28%, 우대 조건: 19.22%)', [
'Amazon Web Services(AWS)는 클라우드 컴퓨팅 플랫폼으로, 서버 호스팅, 데이터 스토리지, 인공지능, 빅데이터 등 다양한 서비스를 제공합니다.',
'AWS는 확장성이 뛰어나고 다양한 서비스를 제공하여 클라우드 인프라를 효율적으로 운영할 수 있습니다. 또한 보안 및 모니터링 기능을 갖추고 있어 안정적인 서비스를 제공합니다.']
],
['Aws Athena (자격 조건: 25.28%, 우대 조건: 19.22%)', [
'Amazon Athena는 서버리스 쿼리 서비스로, S3에 저장된 데이터를 쉽게 분석할 수 있습니다. SQL 쿼리를 사용하여 데이터를 검색하고 분석할 수 있습니다.',
'Athena는 별도의 인프라 구축이 필요 없으며 필요한 만큼 비용을 지불하면 되어 비용 효율적입니다. 또한 다양한 데이터 형식을 지원하여 유연한 분석이 가능합니다.']
],
['Git (자격 조건: 18.66%, 우대 조건: 7.11%)', [
'Git은 분산 버전 관리 시스템으로, 소스 코드의 이력을 관리하고 협업을 위한 소스 코드 관리에 사용됩니다.',
'Git은 브랜치 전략을 통해 병합 및 충돌을 효율적으로 관리할 수 있으며 원격 저장소를 지원하여 팀원 간의 협업을 용이하게 합니다.']
],
['Kubernetes (자격 조건: 13.25%, 우대 조건: 12.44%)', [
'Kubernetes는 컨테이너 오케스트레이션 플랫폼으로, 컨테이너화된 애플리케이션을 배포, 확장, 관리하는 데 사용됩니다.',
'Kubernetes는 자동화된 배포 및 스케일링을 지원하여 애플리케이션 운영을 효율적으로 관리할 수 있으며 다양한 클라우드 환경과 통합이 가능합니다.']
],
['Mysql (자격 조건: 9.69%, 우대 조건: 2.26%)', [
'MySQL은 오픈 소스 관계형 데이터베이스 관리 시스템으로, 데이터베이스 설계 및 관리에 사용됩니다.',
'MySQL은 안정성이 뛰어나고 다양한 플랫폼에서 사용할 수 있으며 높은 성능을 제공합니다. 또한 다양한 언어와 호환되어 개발 생산성을 높일 수 있습니다.']
],
]"
임베디드,"[
['C (자격 조건: 42.55%, 우대 조건: 10.56%)', [
'C는 임베디드 시스템에서 하드웨어와 밀접하게 연관된 프로그래밍을 할 때 주로 사용됩니다. 속도와 효율성이 요구되는 시스템에서 많이 활용됩니다.',
'C의 강점은 저수준의 메모리 접근이 가능하고 시스템 레벨의 프로그래밍을 지원한다는 점입니다. 또한 이식성이 뛰어나고 빠른 실행 속도를 제공합니다.']
],
['C++ (자격 조건: 29.81%, 우대 조건: 5.28%)', [
'C++은 객체지향 프로그래밍 언어로, 임베디드 시스템에서의 복잡한 기능을 구현할 때 주로 사용됩니다. 성능이 중요한 시스템에서 많이 활용됩니다.',
'C++의 강점은 C 언어와의 호환성이 좋고, 객체지향 프로그래밍을 지원하여 코드의 재사용성과 유지보수성을 높일 수 있다는 점입니다.']
],
['Python (자격 조건: 12.11%, 우대 조건: 3.73%)', [
'Python은 임베디드 시스템에서도 다양한 용도로 활용됩니다. 특히 데이터 수집 및 분석, 인공지능 및 머신러닝 애플리케이션 개발에 많이 사용됩니다.',
'Python의 강점은 문법이 간결하고 다양한 라이브러리와 프레임워크를 지원하여 개발 생산성을 높일 수 있다는 점입니다.']
],
['Java (자격 조건: 7.76%, 우대 조건: 1.86%)', [
'Java는 임베디드 시스템에서의 크로스 플랫폼 개발에 많이 사용됩니다. 안정성과 이식성이 요구되는 시스템에서 활용됩니다.',
'Java의 강점은 가비지 컬렉션을 통한 메모리 관리, 다양한 라이브러리 지원, 멀티스레딩을 쉽게 구현할 수 있는 점입니다.']
],
['R (자격 조건: 6.83%, 우대 조건: 2.48%)', [
'R은 통계 및 데이터 분석을 위한 프로그래밍 언어로, 임베디드 시스템에서 데이터 처리 및 분석에 활용됩니다.',
'R의 강점은 데이터 시각화 및 분석에 특화되어 있고 다양한 통계 라이브러리를 제공한다는 점입니다.']
],
]","[
['Spring (자격 조건: 2.8%, 우대 조건: nan%)', [
'Spring은 Java 기반의 애플리케이션을 개발하기 위한 프레임워크로, 임베디드 시스템에서도 안정적인 애플리케이션을 개발할 때 사용됩니다.',
'Spring의 강점은 의존성 주입, AOP(Aspect-Oriented Programming) 등의 기능을 제공하여 개발 생산성을 높일 수 있다는 점입니다.']
],
['Nodejs (자격 조건: 2.17%, 우대 조건: 0.62%)', [
'Node.js는 JavaScript 런타임 환경으로, 비동기 이벤트 기반의 서버 사이드 애플리케이션을 개발할 때 주로 사용됩니다.',
'Node.js의 강점은 빠른 속도와 확장성, 강력한 모듈 시스템을 제공하여 네트워크 애플리케이션을 효율적으로 개발할 수 있다는 점입니다.']
],
['Nextjs (자격 조건: 0.93%, 우대 조건: 0.31%)', [
'Next.js는 React 기반의 웹 프레임워크로, 임베디드 시스템에서 사용자 인터페이스 개발에 활용됩니다.',
'Next.js의 강점은 서버 사이드 렌더링, 정적 사이트 생성 등의 기능을 제공하여 웹 애플리케이션의 성능을 향상시킬 수 있다는 점입니다.']
],
['Springboot (자격 조건: 0.93%, 우대 조건: nan%)', [
'Spring Boot는 Spring 기반의 애플리케이션을 빠르게 개발하기 위한 프레임워크로, 임베디드 시스템에서 마이크로서비스 아키텍처를 구축할 때 사용됩니다.',
'Spring Boot의 강점은 내장형 서버를 제공하여 애플리케이션을 쉽게 배포할 수 있고, 스프링의 기능을 확장하여 개발 생산성을 높일 수 있다는 점입니다.']
],
['Ray (자격 조건: 0.62%, 우대 조건: 0.62%)', [
'Ray는 Python 기반의 분산 애플리케이션을 개발하기 위한 프레임워크로, 임베디드 시스템에서 병렬 처리 및 분산 시스템을 구축할 때 사용됩니다.',
'Ray의 강점은 간단한 API를 제공하여 병렬 처리를 쉽게 구현할 수 있고, 분산 시스템을 효율적으로 관리할 수 있다는 점입니다.']
],
]","[
['Pytorch (자격 조건: 2.17%, 우대 조건: 0.62%)', [
'PyTorch는 딥러닝 및 머신러닝 모델을 구축하고 학습시키기 위한 오픈소스 라이브러리로, 임베디드 시스템에서 인공지능 애플리케이션을 개발할 때 사용됩니다.',
'PyTorch의 강점은 동적 계산 그래프, GPU 가속화, 다양한 신경망 모델을 지원하여 빠른 학습 및 배포를 가능하게 한다는 점입니다.']
],
['React (자격 조건: 1.55%, 우대 조건: 1.86%)', [
'React는 사용자 인터페이스를 구축하기 위한 JavaScript 라이브러리로, 임베디드 시스템에서 웹 애플리케이션의 UI를 개발할 때 주로 사용됩니다.',
'React의 강점은 가상 DOM을 통한 성능 최적화, 컴포넌트 기반의 개발 방식을 제공하여 UI를 동적으로 관리할 수 있다는 점입니다.']
],
['Reactjs (자격 조건: 1.55%, 우대 조건: 1.86%)', [
'React.js는 React의 확장 라이브러리로, 임베디드 시스템에서 웹 애플리케이션의 UI를 보다 효율적으로 개발할 때 사용됩니다.',
'React.js의 강점은 가독성 높은 코드 작성, 컴포넌트 재사용성을 높일 수 있는 기능을 제공한다는 점입니다.']
],
['Tensorflow (자격 조건: 1.55%, 우대 조건: 0.93%)', [
'TensorFlow는 딥러닝 및 머신러닝 모델을 구축하고 학습시키기 위한 오픈소스 라이브러리로, 임베디드 시스템에서 인공지능 애플리케이션을 개발할 때 사용됩니다.',
'TensorFlow의 강점은 유연한 모델 구성, 분산 학습을 지원하여 대규모 데이터 처리 및 모델 학습을 효율적으로 수행할 수 있다는 점입니다.']
],
['Opencv (자격 조건: 0.62%, 우대 조건: 0.31%)', [
'OpenCV는 컴퓨터 비전 및 이미지 처리를 위한 오픈소스 라이브러리로, 임베디드 시스템에서 영상 처리 및 컴퓨터 비전 애플리케이션을 개발할 때 사용됩니다.',
'OpenCV의 강점은 다양한 이미지 처리 알고리즘을 제공하고, 실시간 이미지 처리를 지원하여 빠른 속도로 영상 처리를 수행할 수 있다는 점입니다.']
],
]","[
['Git (자격 조건: 7.45%, 우대 조건: 4.35%)', [
'Git은 분산 버전 관리 시스템으로, 임베디드 시스템에서 소스 코드의 버전을 관리하고 협업을 위해 사용됩니다.',
'Git의 강점은 브랜치 전략, 코드 리뷰, 이력 추적 등의 기능을 제공하여 효율적인 협업 및 소스 코드 관리를 가능하게 한다는 점입니다.']
],
['Github (자격 조건: 2.48%, 우대 조건: 1.55%)', [
'GitHub는 Git을 기반으로 하는 코드 호스팅 플랫폼으로, 임베디드 시스템에서 소스 코드를 저장하고 관리할 때 사용됩니다.',
'GitHub의 강점은 이슈 트래킹, 협업 기능, CI/CD 연동 등의 기능을 제공하여 소프트웨어 개발 프로세스를 효율적으로 관리할 수 있다는 점입니다.']
],
['Aws (자격 조건: 1.86%, 우대 조건: 6.21%)', [
'AWS는 아마존 웹 서비스로, 클라우드 컴퓨팅 및 다양한 웹 서비스를 제공하는 플랫폼으로, 임베디드 시스템에서 서버 및 인프라를 구축할 때 사용됩니다.',
'AWS의 강점은 확장성, 안정성, 다양한 서비스 제공으로 인프라 운영 및 관리를 효율적으로 수행할 수 있다는 점입니다.']
],
['Aws Athena (자격 조건: 1.86%, 우대 조건: 6.21%)', [
'AWS Athena는 서버리스 쿼리 서비스로, 데이터를 분석하고 쿼리하기 위한 도구로, 임베디드 시스템에서 데이터 분석 및 처리에 사용됩니다.',
'AWS Athena의 강점은 쿼리 기능을 서버리스로 제공하여 데이터 분석을 효율적으로 수행할 수 있다는 점입니다.']
],
['Docker (자격 조건: 1.86%, 우대 조건: 1.55%)', [
'Docker는 컨테이너 기반의 가상화 플랫폼으로, 임베디드 시스템에서 애플리케이션을 격리하여 배포 및 관리할 때 사용됩니다.',
'Docker의 강점은 가볍고 빠른 가상화, 환경 일관성 유지, 스케일링 용이성 등의 기능을 제공하여 애플리케이션을 효율적으로 운영할 수 있다는 점입니다.']
],
]"
프론트 엔드,"[
['C (자격 조건: 67.1%, 우대 조건: 18.65%)', [
'C 언어는 시스템 프로그래밍이나 에뮬레이터 및 컴파일러 개발과 같이 하드웨어를 직접 다루는 작업에 주로 사용됩니다.',
'C 언어는 빠른 속도와 효율적인 메모리 관리를 제공하여 시스템 레벨의 프로그래밍에 적합합니다.']
],
['R (자격 조건: 60.88%, 우대 조건: 17.79%)', [
'R 언어는 통계 분석 및 데이터 시각화에 주로 사용되며, 데이터 과학 분야에서 널리 사용됩니다.',
'R 언어는 데이터 처리와 분석에 용이하며, 다양한 통계 기법을 쉽게 적용할 수 있는 강력한 도구입니다.']
],
['Java (자격 조건: 47.27%, 우대 조건: 8.9%)', [
'Java는 다양한 플랫폼에서 동작하는 애플리케이션을 개발하기 위한 객체지향 프로그래밍 언어입니다.',
'Java는 안정성, 이식성, 다중 스레드 지원 등의 특징을 가지고 있어 대규모 시스템 개발에 적합합니다.']
],
['Typescript (자격 조건: 42.66%, 우대 조건: 11.79%)', [
'Typescript는 JavaScript의 상위 집합 언어로, 정적 타입을 지원하여 코드의 안정성을 높이고 개발 생산성을 향상시킵니다.',
'Typescript는 강력한 타입 시스템을 제공하여 대규모 프로젝트의 유지보수와 확장성을 향상시키는 데 도움을 줍니다.']
],
['Javascript (자격 조건: 39.98%, 우대 조건: 6.32%)', [
'JavaScript는 웹 페이지의 동적인 기능을 구현하기 위해 사용되는 스크립트 언어로, 웹 개발에서 필수적인 요소입니다.',
'JavaScript는 브라우저 상에서 실행되며, 사용자와 상호작용하거나 웹 페이지의 내용을 동적으로 변경하는 데 사용됩니다.']
],
]","[
['Nextjs (자격 조건: 24.01%, 우대 조건: 8.47%)', [
'Next.js는 React 기반의 웹 프레임워크로, 서버 사이드 렌더링 및 정적 사이트 생성을 지원하여 성능을 향상시킵니다.',
'Next.js는 SEO 최적화와 개발 생산성 향상을 위해 많이 사용되며, 모던 웹 애플리케이션 개발에 적합합니다.']
],
['Vuejs (자격 조건: 21.01%, 우대 조건: 6.54%)', [
'Vue.js는 사용자 인터페이스를 구축하기 위한 프로그레시브 프레임워크로, 가볍고 빠른 성능을 제공합니다.',
'Vue.js는 컴포넌트 기반 아키텍처를 지원하여 재사용성을 높이고 개발 생산성을 향상시키는 데 도움을 줍니다.']
],
['Nodejs (자격 조건: 9.97%, 우대 조건: 5.47%)', [
'Node.js는 JavaScript 런타임 환경으로, 서버 사이드 애플리케이션 개발에 주로 사용됩니다.',
'Node.js는 비동기 이벤트 처리 모델을 기반으로 하여 높은 성능을 제공하며, 웹 서버 구축 및 API 서버 개발에 적합합니다.']
],
['Angular (자격 조건: 9.32%, 우대 조건: 1.93%)', [
'Angular는 Google에서 개발한 프론트엔드 프레임워크로, 단일 페이지 애플리케이션 개발에 주로 사용됩니다.',
'Angular는 강력한 데이터 바인딩과 컴포넌트 기반 아키텍처를 제공하여 복잡한 웹 애플리케이션을 구축하는 데 도움을 줍니다.']
],
['React Native (자격 조건: 8.47%, 우대 조건: 5.36%)', [
'React Native는 React를 기반으로 하는 모바일 애플리케이션 개발 프레임워크로, iOS 및 안드로이드 앱을 동시에 개발할 수 있습니다.',
'React Native는 웹 기술을 활용하여 네이티브 앱을 개발할 수 있으며, 코드의 재사용성과 개발 생산성을 높이는 데 도움을 줍니다.']
],
]","[
['React (자격 조건: 59.27%, 우대 조건: 15.11%)', [
'React는 사용자 인터페이스를 구축하기 위한 JavaScript 라이브러리로, 컴포넌트 기반 아키텍처를 제공하여 UI 개발을 용이하게 합니다.',
'React는 Virtual DOM을 활용하여 성능을 최적화하고, 상태 관리 라이브러리와의 통합이 용이하여 복잡한 애플리케이션을 개발하는 데 적합합니다.']
],
['Reactjs (자격 조건: 59.16%, 우대 조건: 14.58%)', [
'React.js는 React의 이전 버전을 가리키는 용어로, React 라이브러리를 사용하여 웹 애플리케이션을 개발하는 데 활용됩니다.',
'React.js는 컴포넌트 기반의 UI 개발을 지원하며, React의 생태계와 함께 다양한 기능을 제공합니다.']
],
['Redux (자격 조건: 9.32%, 우대 조건: 1.93%)', [
'Redux는 React 애플리케이션의 상태를 효율적으로 관리하기 위한 상태 관리 라이브러리로, 복잡한 상태를 효율적으로 관리할 수 있습니다.',
'Redux는 단방향 데이터 흐름을 제공하여 상태 변화를 예측 가능하게 하고, 개발자들이 애플리케이션의 상태를 쉽게 추적할 수 있도록 도와줍니다.']
],
['Zustand (자격 조건: 6.0%, 우대 조건: 1.29%)', [
'Zustand는 React 상태 관리 라이브러리로, 간단하고 직관적인 API를 제공하여 상태 관리를 용이하게 합니다.',
'Zustand는 Context API를 기반으로 하여 상태 전파를 효율적으로 처리하며, React 애플리케이션의 상태 관리를 간편하게 할 수 있습니다.']
],
['Recoil (자격 조건: 4.82%, 우대 조건: 1.82%)', [
'Recoil은 Facebook에서 개발한 React 상태 관리 라이브러리로, 복잡한 상태 관리를 간단하게 처리할 수 있습니다.',
'Recoil은 원자적 상태 업데이트와 비동기 데이터 로딩을 지원하여 React 애플리케이션의 상태를 효율적으로 관리할 수 있습니다.']
],
]","[
['Git (자격 조건: 30.76%, 우대 조건: 9.0%)', [
'Git은 분산 버전 관리 시스템으로, 소스 코드의 이력을 관리하고 협업을 위한 효율적인 작업을 지원합니다.',
'Git은 브랜치 전략을 통해 병합 충돌을 최소화하고, 다양한 협업 기능을 제공하여 효율적인 소프트웨어 개발을 도와줍니다.']
],
['Aws (자격 조건: 14.36%, 우대 조건: 12.0%)', [
'Amazon Web Services(AWS)는 클라우드 컴퓨팅 플랫폼으로, 다양한 클라우드 서비스를 제공하여 웹 애플리케이션을 운영하고 관리할 수 있습니다.',
'AWS는 확장성, 신뢰성, 보안성 등의 장점을 가지고 있어 다양한 규모의 애플리케이션을 구축하는 데 이용됩니다.']
],
['Aws Athena (자격 조건: 14.36%, 우대 조건: 12.0%)', [
'Amazon Athena는 서버리스 쿼리 서비스로, S3에 저장된 데이터를 쉽게 분석할 수 있도록 도와줍니다.',
'Athena는 SQL을 사용하여 데이터를 쿼리하고 분석할 수 있으며, 별도의 인프라 구축 없이 데이터 분석을 수행할 수 있는 장점을 가지고 있습니다.']
],
['Github (자격 조건: 9.86%, 우대 조건: 3.43%)', [
'GitHub는 Git을 기반으로 하는 코드 호스팅 플랫폼으로, 소스 코드를 저장하고 협업하며 프로젝트를 관리할 수 있습니다.',
'GitHub는 이슈 트래킹, 코드 리뷰, 워크플로우 관리 등의 기능을 제공하여 효율적인 소프트웨어 개발을 지원합니다.']
],
['Mysql (자격 조건: 7.07%, 우대 조건: 1.39%)', [
'MySQL은 오픈 소스 관계형 데이터베이스 관리 시스템으로, 다양한 애플리케이션에서 데이터를 저장하고 관리하는 데 사용됩니다.',
'MySQL은 안정성, 성능, 확장성 등의 장점을 가지고 있어 웹 애플리케이션의 데이터베이스로 널리 사용되고 있습니다.']
],
]"
